ID;Код СМО в едином реестре ОМС;ОГРН;КПП;Полное наименование СМО;Краткое наименование СМО;Фактический адрес, заданный в строку;Фамилия руководителя;Имя руководителя;Отчество руководителя;Телефон (с кодом города);Факс (с кодом города);Телефон «горячей линии» СМО;Адрес электронной почты;Номер лицензии СМО;Дата выдачи лицензии СМО;Дата окончания действия лицензии СМО;Дата включения в реестр СМО;Дата исключения из реестра СМО
1;01003;1177746612581;010543001;АДЫГЕЙСКИЙ ФИЛИАЛ ОБЩЕСТВА С ОГРАНИЧЕННОЙ ОТВЕТСТВЕННОСТЬЮ ВТБ МЕДИЦИНСКОЕ СТРАХОВАНИЕ;АДЫГЕЙСКИЙ ФИЛИАЛ ООО ВТБ МС;РЕСПУБЛИКА АДЫГЕЯ, Г. МАЙКОП, УЛ. СОВЕТСКАЯ, Д.184;ОЖЕВ;МУРАТ;КАЗБЕКОВИЧ;8-8772-593200;8-8772-593200;8-800-1008005;ADIGEYA@VTBMS.RU;ОС №2890-01;14.09.2017;31.12.2099;06.06.2017;26.03.2020
2;01004;1027739008440;010543001;"АДЫГЕЙСКИЙ ФИЛИАЛ АО ""СТРАХОВАЯ КОМПАНИЯ ""СОГАЗ-МЕД""";"АДЫГЕЙСКИЙ ФИЛИАЛ АО ""СТРАХОВАЯ КОМПАНИЯ ""СОГАЗ-МЕД""";РЕСПУБЛИКА АДЫГЕЯ, Г. МАЙКОП, УЛ. СОВЕТСКАЯ, 184;ОЖЕВ;МУРАТ;КАЗБЕКОВИЧ;8-8772-593200;8-8772-593200;8-800-1000702;ADYGEYA@SOGAZ-MED;ОС-3230-01;28.02.2019;31.12.2099;27.08.2019;
3;02001;1027739099772;027802001;"ФИЛИАЛ АКЦИОНЕРНОГО ОБЩЕСТВА ""МЕДИЦИНСКАЯ АКЦИОНЕРНАЯ СТРАХОВАЯ КОМПАНИЯ"" В ГОРОДЕ УФЕ";"ФИЛИАЛ АО ""МАКС-М"" В Г. УФЕ";РЕСПУБЛИКА БАШКОРТОСТАН, Г.УФА, ПР-Т ОКТЯБРЯ, Д.4/2;ЕРЕМКИНА;АЛЕКСАНДРА;ГЕННАДЬЕВНА;8-347-2823618;8-347-2823618;8-800-5553503;UFAMAKCM@MAKCM.RU, EREMKINAAG@MAKCM.RU;ОС № 2226-01;23.01.2017;31.12.2099;01.01.2011;
4;02003;1027402236620;027543001;"ФИЛИАЛ ООО СМК ""АСТРА-МЕТАЛЛ"" В РЕСПУБЛИКЕ БАШКОРТОСТАН";"ФИЛИАЛ ООО СМК ""АСТРА-МЕТАЛЛ"" В РЕСПУБЛИКЕ БАШКОРТОСТАН";РЕСПУБЛИКА БАШКОРТОСТАН, Г.УФА, УЛ. ЛЕНИНА, Д. 33/1;САЛИМГАРЕЕВА;ЭЛЬВИРА;ХУСНУЛЛОВНА;8-347-2862122;8-347-2862124;8-800-2500160;UFA@ASTRAMETALL.RU;ОС № 0758-01;09.06.2015;31.12.2099;01.01.2011;
5;02004;1027806865481;027443001;"ФИЛИАЛ ООО ""КАПИТАЛ МЕДИЦИНСКОЕ СТРАХОВАНИЕ"" В РЕСПУБЛИКЕ БАШКОРТОСТАН";"ФИЛИАЛ ООО ""КАПИТАЛ МС"" В РЕСПУБЛИКЕ БАШКОРТОСТАН";РЕСПУБЛИКА БАШКОРТОСТАН, Г.УФА, УЛ. МЕНДЕЛЕЕВА, Д.128, КОРПУС 1;АХМЕТОВ;НАИЛЬ;МИДХАТОВИЧ;8-347-2228494;8-347-2228495;8-800-1008102;NAIL.AHMETOV@KAPMED.RU;ОС № 3676-01;16.11.2018;31.12.2099;01.01.2011;
6;02008;1027739008440;027403001;"УФИМСКИЙ ФИЛИАЛ АКЦИОНЕРНОГО ОБЩЕСТВА ""СТРАХОВАЯ КОМПАНИЯ ""СОГАЗ-МЕД""";"УФИМСКИЙ ФИЛИАЛ АО ""СТРАХОВАЯ КОМПАНИЯ ""СОГАЗ-МЕД""";РЕСПУБЛИКА БАШКОРТОСТАН, Г. УФА, УЛ. ПАРХОМЕНКО, Д.156, КОРП. 3;ФАРАХОВА;ДИАНА;ТАГИРОВНА;8-347-2726147;8-347-2501531;8-800-1000702;FARAHOVA.DIANA@SOGAZ-MED.RU;ОС № 3230-01;28.02.2019;31.12.2099;01.01.2011;
7;02010;1141690061391;027443001;"ФИЛИАЛ ОБЩЕСТВА С ОГРАНИЧЕННОЙ ОТВЕТСТВЕННОСТЬЮ ""СТРАХОВОЕ МЕДИЦИНСКОЕ ОБЩЕСТВО ""СПАСЕНИЕ"" В РЕСПУБЛИКЕ БАШКОРТОСТАН ""БАШКИРСКАЯ МЕДИЦИНСКАЯ СТРАХОВАЯ КОМПАНИЯ""";"БАШКИРСКИЙ ФИЛИАЛ ""СПАСЕНИЕ-БМСК""";РЕСПУБЛИКА БАШКОРТОСТАН, Г. УФА, УЛ. ДОСТОЕВСКОГО, Д. 100;МАХМУТОВА;АНГЕЛИНА;ЕВГЕНЬЕВНА;8-347-2465779;8-347-2465779;8-800-1000717;AMAHMUTOVA@16SP.RU;ОС № 3528-01;25.05.2020;31.12.2099;25.08.2011;
8;02014;1047100775963;027843001;"ФИЛИАЛ ""БАШКОРТОСТАН"" ООО ""АЛЬФАСТРАХОВАНИЕ-ОМС""";"ФИЛИАЛ ""БАШКОРТОСТАН"" ООО ""АЛЬФАСТРАХОВАНИЕ-ОМС""";РЕСПУБЛИКА БАШКОРТОСТАН, Г. УФА, УЛ. БАБУШКИНА, Д. 25;КОРЖАВИН;АЛЕКСЕЙ;ГЕРМАНОВИЧ;8-347-2235789, 8-347-2237494;8-347-2235789;8-800-5551001;KORZHAVINAG@ALFASTRAH.RU;ОС № 0193-01;03.08.2017;31.12.2099;31.08.2015;
9;02016;1025004642519;027443001;"УФИМСКИЙ ФИЛИАЛ ОБЩЕСТВА С ОГРАНИЧЕННОЙ ОТВЕТСТВЕННОСТЬЮ ""СТРАХОВАЯ МЕДИЦИНСКАЯ КОМПАНИЯ РЕСО-МЕД""";"УФИМСКИЙ ФИЛИАЛ ООО ""СМК РЕСО-МЕД""";РЕСПУБЛИКА БАШКОРТОСТАН, Г. УФА, УЛ. КИРОВА, Д. 31;ЮСУПОВА;РАИСА;МАНСУРОВНА;8-347-2872384;8-347-2872384;8-800-2009204;OFFICE@UFA.RESO-MED.COM;ОС № 0879-01;29.08.2019;31.12.2099;17.08.2017;
10;03101;1027739008440;032343001;"БУРЯТСКИЙ ФИЛИАЛ АКЦИОНЕРНОГО ОБЩЕСТВА ""СТРАХОВАЯ КОМПАНИЯ ""СОГАЗ-МЕД""";"БУРЯТСКИЙ ФИЛИАЛ АО ""СК ""СОГАЗ-МЕД""";РЕСПУБЛИКА БУРЯТИЯ,Г.УЛАН-УДЭ,ОКТЯБРЬСКИЙ РАЙОН,БАБУШКИНА,Д.22Б;ГАВРИЛОВ;ЮРИЙ;АНАТОЛЬЕВИЧ;8-301-2466515;8-301-2466520;8-800-1000702;UU@SOGAZ-MED.RU;ОС №3230-01;28.02.2019;31.12.2099;01.01.2011;
11;03102;1027806865481;032643001;"ФИЛИАЛ ОБЩЕСТВА С ОГРАНИЧЕННОЙ ОТВЕТСТВЕННОСТЬЮ ""КАПИТАЛ МЕДИЦИНСКОЕ СТРАХОВАНИЕ"" В РЕСПУБЛИКЕ БУРЯТИЯ";"ФИЛИАЛ ООО ""КАПИТАЛ МС"" В РЕСПУБЛИКЕ БУРЯТИЯ";РЕСПУБЛИКА БУРЯТИЯ,Г.УЛАН-УДЭ,ПРОФСОЮЗНАЯ,10;БАНДЕЕВ;БОРИС;ВАСИЛЬЕВИЧ;8-3012-440597, 8-800-2227062;8-3012-440297;8-800-2227062;BORIS.BANDEEV@KAPMED.RU, OMS_BURYATIYA@KAPMED.RU;ОС № 3676-01;16.11.2018;31.12.2099;01.01.2011;
12;04002;1027739449913;041143001;"ФИЛИАЛ АКЦИОНЕРНОГО ОБЩЕСТВА ""СТРАХОВАЯ ГРУППА ""СПАССКИЕ ВОРОТА-М"" В РЕСПУБЛИКЕ АЛТАЙ";"ФИЛИАЛ АО ""СГ ""СПАССКИЕ ВОРОТА-М"" В РЕСПУБЛИКЕ АЛТАЙ";РЕСПУБЛИКА АЛТАЙ, Г. ГОРНО-АЛТАЙСК, УЛ. ЧОРОС-ГУРКИНА, Д. 39/12;ЧИЧИНОВ;АЛЕКСАНДР;АНАТОЛЬЕВИЧ;8-38822-23377;8-38822-23377;8-800-7700790;SV-RA@MAIL.RU;ОС-2354-01;08.09.2015;31.12.2099;01.01.2011;
13;04004;1027806865481;041102001;"ФИЛИАЛ ОБЩЕСТВО С ОГРАНИЧЕННОЙ ОТВЕТСТВЕННОСТЬЮ ""КАПИТАЛ МЕДИЦИНСКОЕ СТРАХОВАНИЕ"" В РЕСПУБЛИКЕ АЛТАЙ";"ФИЛИАЛ ООО ""КАПИТАЛ МЕДИЦИНСКОЕ СТРАХОВАНИЕ"" В РЕСПУБЛИКЕ АЛТАЙ";РЕСПУБЛИКА АЛТАЙ, Г. ГОРНО-АЛТАЙСК, УЛ. ЧОРОС-ГУРКИНА, Д. 39/15;НЕШПОР;ВЯЧЕСЛАВ;АНАТОЛЬЕВИЧ;8-3882-222215;8-3882-222215;8-800-5509668;OMS.GORNO-ALTAYSK@KAPMED.RU;ОС №3676-01;16.11.2018;31.12.2099;03.08.2015;
14;05501;1027739099772;770501001;"ФИЛИАЛ АКЦИОНЕРНОГО ОБЩЕСТВА ""МЕДИЦИНСКАЯ АКЦИОНЕРНАЯ СТРАХОВАЯ КОМПАНИЯ"" В ГОРОДЕ МАХАЧКАЛЕ";"ФИЛИАЛ АО ""МАКС-М"" В Г.МАХАЧКАЛЕ";РЕСПУБЛИКА ДАГЕСТАН, Г.МАХАЧКАЛА, ПР. ИМАМА ШАМИЛЯ, УГОЛ УЛ.ТАШКЕНТСКАЯ;ЗАЛБЕКОВ;ДАЛГАТ;МАГОМЕДСАИДОВИЧ;8-8722-671784;8-8722-671756;8-800-3330603;ZALBEKOVDM@MAKCM.RU;ОС №2226-01;23.01.2017;31.12.2099;01.01.2011;
15;06050;1027739099772;770501001;"ФИЛИАЛ АКЦИОНЕРНОГО ОБЩЕСТВА ""МЕДИЦИНСКАЯ АКЦИОНЕРНАЯ СТРАХОВАЯ КОМПАНИЯ"" В Г. НАЗРАНИ.";"ФИЛИАЛ АО ""МАКС-М"" В Г. НАЗРАНИ";РЕСПУБЛИКА ИНГУШЕТИЯ Г. НАЗРАНЬ, УЛ. НАБЕРЕЖНАЯ, Д. 26;ДЗАУРОВ;ХАСАН;АХМЕТОВИЧ;8-8732-224029;8-8732-224027;8-800-5552003;DZAUROVKHA@MAKC.RU;ОС №2226-01;23.01.2017;11.08.2099;10.03.2011;
16;07004;1027806865481;072102001;"ФИЛИАЛ ООО ""КАПИТАЛ МЕДИЦИНСКОЕ СТРАХОВАНИЕ"" В КАБАРДИНО-БАЛКАРСКОЙ РЕСПУБЛИКЕ";"ФИЛИАЛ ООО ""КАПИТАЛ МС"" В КБР";КБР Г. НАЛЬЧИК УЛ. ЛЕРМОНТОВА Д. 25;БОЛОВ;АЛЕКСАНДР;РАМАЗАНОВИЧ;8-8662-427737;8-8662-424064;8-800-1008102;OMS.NALCHIK@KAPMED.RU, BOLOV.ALEKSANDR@KAPMED.RU;ОС №3676-01;16.11.2018;31.12.2099;07.08.2015;
17;07005;1025004642519;503501001;"КАБАРДИНО-БАЛКАРСКИЙ ФИЛИАЛ ОБЩЕСТВА С ОГРАНИЧЕННОЙ ОТВЕТСТВЕННОСТЬЮ ""СТРАХОВАЯ МЕДИЦИНСКАЯ КОМПАНИЯ РЕСО-МЕД""";"КАБАРДИНО-БАЛКАРСКИЙ ФИЛИАЛ ООО ""СМК РЕСО-МЕД""";КАБАРДИНО-БАЛКАРСКАЯ РЕСПУБЛИКА, Г. НАЛЬЧИК, УЛ.ЧЕРНЫШЕВСКОГО,Д. 212;ДЫШЕКОВА;РАМЕТА;МИХАЙЛОВНА;8-866-2426784, 8-866-2426784;8-849-3727916, 8-849-3727916;8-800-2009204;OFFICE@RESO-MED.COM, DRM@RESO-MED.COM;ОС№0879-01;29.08.2019;31.12.2099;17.08.2015;
18;08002;1177746612581;081643001;КАЛМЫЦКИЙ ФИЛИАЛ ОБЩЕСТВА С ОГРАНИЧЕННОЙ ОТВЕТСТВЕННОСТЬЮ ВТБ МЕДИЦИНСКОЕ СТРАХОВАНИЕ;КФ ООО ВТБ МС;РЕСПУБЛИКА КАЛМЫКИЯ, Г. ЭЛИСТА, 3 МИКРОРАЙОН, ДОМ 20;БАДМАЕВ;ЭРДЕНИ;ЛИДЖИЕВИЧ;8-847-2235889;8-847-2235889;8-800-1008005;BADMAEVEL@VTBMS.RU;ОС №2890-01;14.09.2017;14.09.2099;15.04.2011;26.03.2020
19;08005;1027739008440;081643001;"КАЛМЫЦКИЙ ФИЛИАЛ АО ""СТРАХОВАЯ КОМПАНИЯ ""СОГАЗ-МЕД""";"КАЛМЫЦКИЙ ФИЛИАЛ АО ""СТРАХОВАЯ КОМПАНИЯ ""СОГАЗ-МЕД""";РЕСПУБЛИКА КАЛМЫКИЯ, Г. ЭЛИСТА, 3 МИКРОРАЙОН, ДОМ 20;БАДМАЕВ;ЭРДЕНИ;ЛИДЖИЕВИЧ;8-847-2235889;8-847-2235889;8-800-1000702;BADMAEVEL@SOGAZ-MED/RUU;ОС № 3230-01;28.02.2019;28.02.2099;15.06.2018;
20;09001;1045207042528;775001001;"ОБЩЕСТВО С ОГРАНИЧЕННОЙ ОТВЕТСТВЕННОСТЬЮ ""СТРАХОВАЯ КОМПАНИЯ ""ИНГОССТРАХ-М""";"ООО ""СК ""ИНГОССТРАХ-М""";Г. МОСКВА, УЛ. ПЯТНИЦКАЯ, Д. 12, СТР. 2;КУРБАТОВА;НАТАЛЬЯ;АНАТОЛЬЕВНА;8-495-2323491;8-495-2323491;8-800-1007755;E-MAIL: INGOS-M@INGOS.RU;С № 3837 77;14.09.2010;31.12.2099;30.08.2019;
21;09050;1027739099772;770501001;"ФИЛИАЛ АКЦИОНЕРНОГО ОБЩЕСТВА ""МЕДИЦИНСКАЯ АКЦИОНЕРНАЯ СТРАХОВАЯ КОМПАНИЯ"" В ГОРОДЕ ЧЕРКЕССКЕ";"ФИЛИАЛ АО ""МАКС-М"" В Г. ЧЕРКЕССКЕ";КЧР, Г. ЧЕРКЕССК, УЛ. КРАСНООРМЕЙСКАЯ, 85;ГОЧИЯЕВ;БОРИС;ХАДЖИ-АХМАТОВИЧ;8-8782-208025;8-8782-208025;8-800-3336603;MCHERKESSK@MAKC.RU;ОС№2226-01;23.01.2017;23.01.2099;01.01.2011;
22;10001;1045207042528;100102001;"ОБЩЕСТВО С ОГРАНИЧЕННОЙ ОТВЕТСТВЕННОСТЬЮ ""СТРАХОВАЯ КОМПАНИЯ ""ИНГОССТРАХ-М"" В Г.ПЕТРОЗАВОДСК";"ФИЛИАЛ ООО ""СТРАХОВАЯ КОМПАНИЯ ""ИНГОССТРАХ-М"" В Г.ПЕТРОЗАВОДСК";РЕСПУБЛИКА КАРЕЛИЯ, Г. ПЕТРОЗАВОДСК, ПЛ.ЛИТЕЙНАЯ, Д.3;МЕДВЕДЕВА;СВЕТЛАНА;АЛЕКСАНДРОВНА;8-8142-330026;8-8142-330024;8-800-2508142;SVETLANA.MEDVEDEVA@KARELIA.INGOS.RU;ОС № 3837-01;10.08.2015;31.12.2099;01.04.2011;
23;10003;1025004642519;100102001;"ОБЩЕСТВО С ОГРАНИЧЕННОЙ ОТВЕТСТВЕННОСТЬЮ ""СТРАХОВАЯ МЕДИЦИНСКАЯ КОМПАНИЯ РЕСО-МЕД"" КАРЕЛЬСКИЙ ФИЛИАЛ";"ООО ""СМК РЕСО-МЕД"" КАРЕЛЬСКИЙ ФИЛИАЛ";РЕСПУБЛИКА КАРЕЛИЯ, Г.ПЕТРОЗАВОДСК, НЕГЛИНСКАЯ НАБ., Д.15;ПАНТЕЛЕЕВ;ВЛАДИМИР;АНАТОЛЬЕВИЧ;8-8142-785404;8-8142-785401;8-800-2508142;RESOMED-KARELIA@MAIL.RU;ОС №0879-01;29.08.2019;29.08.2029;01.01.2011;
24;11001;1027739008440;110103001;"СЫКТЫВКАРСКИЙ ФИЛИАЛ АО ""СТРАХОВАЯ КОМПАНИЯ ""СОГАЗ-МЕД""";"СЫКТЫВКАРСКИЙ ФИЛИАЛ АО ""СТРАХОВАЯ КОМПАНИЯ ""СОГАЗ-МЕД""";РЕСПУБЛИКА КОМИ,,Г.СЫКТЫВКАР,,УЛ.КУРАТОВА,Д.42;СЫЧЕВА;МАРИНА;НИКОЛАЕВНА;8-800-1000702;8-8212-391930;8-800-1000702;SKAR@SOGAZ-MED.RU;ОС № 3230-01;28.02.2019;31.12.2099;15.04.2011;
25;11002;1027806865481;110143001;"ФИЛИАЛ ООО ""КАПИТАЛ МЕДИЦИНСКОЕ СТРАХОВАНИЕ"" В РЕСПУБЛИКЕ КОМИ";"ФИЛИАЛ ООО ""КАПИТАЛ МС"" В РЕСПУБЛИКЕ КОМИ";РЕСПУБЛИКА КОМИ,,Г.СЫКТЫВКАР,,УЛ.БАБУШКИНА,Д.19;ФОМИЧЕВА;НАТАЛЬЯ;ВАЛЕРЬЕВНА;8-8212-214510;8-8212-441801;8-800-1008102;OMS.SYKTYVKAR@KAPMED.RU;ОС № 3676-01;16.11.2018;31.12.2099;15.04.2011;
26;12001;1027739008440;121543001;"МАРИЙСКИЙ ФИЛИАЛ АО ""СТРАХОВАЯ КОМПАНИЯ ""СОГАЗ-МЕД""";"МАРИЙСКИЙ ФИЛИАЛ АО ""СТРАХОВАЯ КОМПАНИЯ ""СОГАЗ-МЕД""";РОССИЙСКАЯ ФЕДЕРАЦИЯ, РЕСПУБЛИКА МАРИЙ ЭЛ, Г.ЙОШКАР-ОЛА,УЛ. УСПЕНСКАЯ, 17;ПОПОВА;СВЕТЛАНА;СЕРГЕЕВНА;8-8362-412321;8-8362-412321;8-800-1000702;MARIYSK@SOGAZ-MED.RU;ОС №3230-01;28.02.2019;31.12.2099;17.06.2011;
27;12002;1177746612581;121543001;МАРИЙСКИЙ ФИЛИАЛ ОБЩЕСТВА С ОГРАНИЧЕННОЙ ОТВЕТСТВЕННОСТЬЮ ВТБ МЕДИЦИНСКОЕ СТРАХОВАНИЕ;МАРИЙСКИЙ ФИЛИАЛ ООО ВТБ МС;РОССИЙСКАЯ ФЕДЕРАЦИЯ, РЕСПУБЛИКА МАРИЙ ЭЛ, Г.ЙОШКАР-ОЛА,УЛ. УСПЕНСКАЯ, 17;ПОПОВА;СВЕТЛАНА;СЕРГЕЕВНА;8-8362-223602;8-8362-223602;8-800-1008005;MARIYEL-MS@VTBMS.RU;ОС №2890-01;14.09.2017;31.12.2099;20.06.2011;27.03.2020
28;13006;1027739008440;132643001;"МОРДОВСКИЙ ФИЛИАЛ АКЦИОНЕРНОГО ОБЩЕСТВА ""СТРАХОВАЯ КОМПАНИЯ ""СОГАЗ-МЕД""";"МОРДОВСКИЙ ФИЛИАЛ АО ""СТРАХОВАЯ КОМПАНИЯ ""СОГАЗ-МЕД""";РЕСПУБЛИКА МОРДОВИЯ, Г. САРАНСК, УЛ. БОЛЬШЕВИСТСКАЯ, Д.60;СЕРЕБРЯКОВА;СВЕТЛАНА;НИКОЛАЕВНА;8-8342-240789;8-8342-240789;8-800-1000702;MORDOVIA@SOGAZ-MED.RU;ОС № 3230-01;28.02.2019;31.12.2099;01.01.2012;
29;13009;1027806865481;132643001;"ФИЛИАЛ ОБЩЕСТВА С ОГРАНИЧЕННОЙ ОТВЕТСТВЕННОСТЬЮ ""КАПИТАЛ МЕДИЦИНСКОЕ СТРАХОВАНИЕ"" В РЕСПУБЛИКЕ МОРДОВИЯ";"ФИЛИАЛ ООО ""КАПИТАЛ МС"" В РЕСПУБЛИКЕ МОРДОВИЯ";РЕСПУБЛИКА МОРДОВИЯ, Г. САРАНСК, УЛ.КОММУНИСТИЧЕСКАЯ, Д.54;СОЛДАТОВА;ОЛЬГА;НИКОЛАЕВНА;8-8342-232818;8-8342-232708;8-800-1008102;OMS.SARANSK@KAPMED.RU;ОС №3676-01;16.11.2018;31.12.2099;01.01.2011;
30;14002;1021401046787;143501001;"АКЦИОНЕРНОЕ ОБЩЕСТВО ""СТРАХОВАЯ МЕДИЦИНСКАЯ КОМПАНИЯ ""САХАМЕДСТРАХ""";"АО ""СМК ""САХАМЕДСТРАХ""";РЕСПУБЛИКА САХА /ЯКУТИЯ/, Г.ЯКУТСК, УЛ. КУРАШОВА, 44А;ВАРФОЛОМЕЕВА;ГАЛИНА;ДИОНИСЬЕВНА;8-4112-444499;8-4112-325643;8-800-1001403;SMSMAIL@SAKHA.RU;ОС № 2873-01;09.11.2016;31.12.2099;28.04.2011;
31;14005;1027806865481;143543001;"ФИЛИАЛ ОБЩЕСТВО С ОГРАНИЧЕННОЙ ОТВЕТСТВЕННОСТЬЮ ""КАПИТАЛ МЕДИЦИНСКОЕ СТРАХОВАНИЕ"" В РЕСПУБЛИКЕ САХА (ЯКУТИЯ)";"ФИЛИАЛ ООО ""КАПИТАЛ МС"" В РС(Я)";ГОРОД ЯКУТСК,УЛ. ГЛУХОЙ ПЕРЕУЛОК, ДОМ 2/1;АНДРЕЕВА;АЛЕКСАНДРА;НИКОЛАЕВНА;8-4112-335057;8-4112-335039;8-800-1008102;ANDREEVA.ALEKSANDRA@KAPMED.RU;ОС №3676-01;16.11.2018;31.12.2099;28.04.2011;
32;14007;1045207042528;770501001;"ОБЩЕСТВО С ОГРАНИЧЕННОЙ ОТВЕТСТВЕННОСТЬЮ ""СТРАХОВАЯ КОМПАНИЯ ""ИНГОССТРАХ-М""";"ООО ""СК ""ИНГОССТРАХ-М""";Г. ЯКУТСК;КУРБАТОВА;НАТАЛЬЯ;АНАТОЛЬЕВНА;8-495-7295571;8-495-7295571;;INGOS-M@INGOS.RU;ОС №3837-001;10.08.2015;31.12.2099;30.08.2019;
33;15002;1027806865481;151502001;"ФИЛИАЛ ООО ""КАПИТАЛ МЕДИЦИНСКОЕ СТРАХОВАНИЕ"" В РЕСПУБЛИКЕ СЕВЕРНАЯ ОСЕТИЯ-АЛАНИЯ";"ФИЛИАЛ ООО ""КАПИТАЛ МС"" В РСО-АЛАНИЯ";РСО-АЛАНИЯ, Г. ВЛАДИКАВКАЗ, УЛ. ДЖАНАЕВА,42;КАЛУХОВА;АЛИНА;СЕРГОЕВНА;8-495-2878125, 8-8672-400030;8-495-2878126, 8-8672-280323;8-800-1008101;OMS.OSETIYA@KAPMED.RU, OMS.OSETIYA@KAPMED.RU;ОС №3676-01;16.11.2018;31.12.2099;01.01.2011;
34;16051;1041625409033;165701001;"ОБЩЕСТВО С ОГРАНИЧЕННОЙ ОТВЕТСТВЕННОСТЬЮ ""СТРАХОВАЯ КОМПАНИЯ ""АК БАРС-МЕД""";"ООО ""СК ""АК БАРС-МЕД""";РЕСПУБЛИКА ТАТАРСТАН, Г. КАЗАНЬ, УЛ. МЕРИДИАННАЯ, Д. 1, КОРПУС А, ОФИС 85;КАРИМОВ;ТАГИР;РАВИЛЕВИЧ;8-843-5249600;8-843-5249629;8-800-5000303;SECRETAR@AKBARSMED.RU;ОС № 3943-01;24.06.2019;31.12.2099;01.01.2011;
35;16052;1141690061391;165901001;"ОБЩЕСТВО С ОГРАНИЧЕННОЙ ОТВЕТСТВЕННОСТЬЮ ""СТРАХОВОЕ МЕДИЦИНСКОЕ ОБЩЕСТВО ""СПАСЕНИЕ""";"ООО ""СМО ""СПАСЕНИЕ""";РЕСПУБЛИКА ТАТАРСТАН, Г. КАЗАНЬ, УЛ. ХАДИ ТАКТАША, Д. 94, ЭТАЖ 3;ГЛУШКОВ;ГЕННАДИЙ;НИКОЛАЕВИЧ;8-843-5700717;8-843-5906833;8-800-1000717;OFFICE@SPASENIE-MED.RU;ОС № 3528-01;25.05.2020;31.12.2099;01.01.2011;
36;16053;1041608018726;164401001;"ОБЩЕСТВО С ОГРАНИЧЕННОЙ ОТВЕТСТВЕННОСТЬЮ СТРАХОВАЯ МЕДИЦИНСКАЯ ОРГАНИЗАЦИЯ ""ЧУЛПАН-МЕД""";"ООО СМО ""ЧУЛПАН-МЕД""";РЕСПУБЛИКА ТАТАРСТАН, Г. АЛЬМЕТЬЕВСК, УЛ. ПУШКИНА, Д. 66, ПОМ. 1;КАЛИМУЛЛИН;АНВАР;РАМИЛЕВИЧ;8-8553-304494;8-8553-304485;8-800-2001065;OFFICE@CHULPANMED.RU;ОС № 3957-01;20.01.2017;31.12.2099;01.01.2011;
37;17004;1027806865481;170102001;"ФИЛИАЛ ОБЩЕСТВА С ОГРАНИЧЕННОЙ ОТВЕТСТВЕННОСТЬЮ ""КАПИТАЛ МЕДИЦИНСКОЕ СТРАХОВАНИЕ"" В РЕСПУБЛИКЕ ТЫВА";"ФИЛИАЛ ООО ""КАПИТАЛ МС"" В РЕСПУБЛИКЕ ТЫВА";РЕСПУБЛИКА ТЫВА, Г. КЫЗЫЛ, УЛ. ГОРНАЯ, Д. 104;МОНГУШ;АРСЕН;ДАДАР-ООЛОВИЧ;8-394-2256283;8-394-2256283;8-800-7001078;OMS.KYZYL@KAPMED.RU, ARSEN.MONGUSH@KAPMED.RU;ОС №3676-01;16.11.2018;31.12.2099;07.08.2015;
38;18001;1057746135325;183102001;"ИЖЕВСКИЙ ФИЛИАЛ ОБЩЕСТВА С ОГРАНИЧЕННОЙ ОТВЕТСТВЕННОСТЬЮ ""СТРАХОВАЯ КОМПАНИЯ ""ВСК-МИЛОСЕРДИЕ""";"ИЖЕВСКИЙ ФИЛИАЛ ООО ""СТРАХОВАЯ КОМПАНИЯ ""ВСК-МИЛОСЕРДИЕ""";УР, ИЖЕВСК, БОРОДИНА, 21;ГОЛЬМАН;ЕЛЕНА;АЛЕКСАНДРОВНА;8-3412-908190;8-3412-908190;8-800-2001441;GOLMAN.IZHEVSK@VSK.RU;ОС 3978-01;15.05.2015;31.12.2999;01.01.2011;
39;18002;1045207042528;183302001;"ФИЛИАЛ ОБЩЕСТВА С ОГРАНИЧЕННОЙ ОТВЕТСТВЕННОСТЬЮ ""СТРАХОВАЯ КОМПАНИЯ ""ИНГОССТРАХ-М"" В Г.ИЖЕВСКЕ";"ФИЛИАЛ ООО ""СК ""ИНГОССТРАХ-М"" В Г.ИЖЕВСКЕ";УР, ИЖЕВСК, 10 ЛЕТ ОКТЯБРЯ, Д.43;ГОРИНА;АЛЕКСАНДРА;ВЛАДИМИРОВНА;8-3412-451522;8-3412-451522;8-800-6002427;ALEKSANDRA.GORINA@INGOS.RU;ОС 3837-01;09.09.2019;31.12.2099;01.01.2011;
40;18003;1027739449913;183102001;"ФИЛИАЛ ""УДМУРТСКИЙ"" АО ""СТРАХОВАЯ ГРУППА"" СПАССКИЕ ВОРОТА-М""";"ФИЛИАЛ ""УДМУРТСКИЙ"" АО СГ ""СПАССКИЕ ВОРОТА-М""";УР, ИЖЕВСК, ПУШКИНСКАЯ, 223, ОФИС 105;ПРИВАЛОВ;АЛЕКСАНДР;АЛЬБЕРТОВИЧ;8-3412-912544;8-3412-912282;8-800-7700799;SV-M.UDM@MAIL.RU;ОС 2354-01;13.04.2020;31.12.2099;01.01.2011;
41;18005;1027806865481;184145001;"ФИЛИАЛ ОБЩЕСТВА С ОГРАНИЧЕННОЙ ОТВЕТСТВЕННОСТЬЮ ""КАПИТАЛ МЕДИЦИНСКОЕ СТРАХОВАНИЕ"" В УДМУРТСКОЙ РЕСПУБЛИКЕ";ФИЛИАЛ ООО «КАПИТАЛ МС» В УДМУРТСКОЙ РЕСПУБЛИКЕ;УР, ИЖЕВСК, М.ГОРЬКОГО, 64;КИРИЛИНА;НАТАЛЬЯ;ВИКТОРОВНА;8-3412-787615;8-3412-787615;8-800-1008102;KIRILINA.NATALYA@KAPMED.RU;OC 3676-01;16.11.2018;31.12.2099;01.01.2011;
42;18006;1027739008440;183302001;"УДМУРТСКИЙ ФИЛИАЛ АО ""СТРАХОВАЯ КОМПАНИЯ ""СОГАЗ-МЕД""";"УДМУРТСКИЙ ФИЛИАЛ АО ""СТРАХОВАЯ КОМПАНИЯ ""СОГАЗ-МЕД""";УР, Г.ИЖЕВСК, УДМУРТСКАЯ, 304;СМОЛИН;АНДРЕЙ;АЛЕКСАНДРОВИЧ;8-3412-723358;8-3412-723074;8-800-1000702;SMOLIN.ANDREY@SOGAZ-MED.RU;ОС 3230-01;28.02.2019;31.12.2099;01.01.2011;
43;19001;1045207042528;190202001;"ОБЩЕСТВО С ОГРАНИЧЕННОЙ ОТВЕТСТВЕННОСТЬЮ ""СТРАХОВАЯ КОМПАНИЯ ""ИНГОССТРАХ-М""";"ООО ""СК ""ИНГОССТРАХ-М""";РЕСПУБЛИКА ХАКАСИЯ, Г. САЯНОГОРСК, МКР. ИНТЕРНАЦИОНАЛЬНЫЙ, 11;МАЛЬГИНА;НИНА;ЮРЬЕВНА;8-3902-278989;8-3902-278899;8-800-3504225;NINA.MALGINA@INGOS.RU;ОС №3837-01;09.09.2019;31.12.2099;01.01.2011;
44;19002;1022402648784;190102002;"АКЦИОНЕРНОЕ ОБЩЕСТВА ""МЕДИЦИНСКАЯ СТРАХОВАЯ ОРГАНИЗАЦИЯ ""НАДЕЖДА""";"АО МСО ""НАДЕЖДА""";РЕСПУБЛИКА ХАКАСИЯ, Г. АБАКАН, ПР. ЛЕНИНА, 49, ПОМЕЩЕНИЕ 233Н;ФЕДОСЕЕВ;ВИКТОР;ПАВЛОВИЧ;8-3902-344056;8-3902-344056;8-800-3504225;MSO@NADRH.RU;ОС №1447-01;12.12.2019;31.12.2099;01.01.2011;29.04.2020
45;19006;1025004642519;190143001;"ХАКАССКИЙ ФИЛИАЛ ОБЩЕСТВА С ОГРАНИЧЕННОЙ ОТВЕТСТВЕННОСТЬЮ ""СТРАХОВАЯ МЕДИЦИНСКАЯ КОМПАНИЯ ""РЕСО-МЕД""";"ХАКАССКИЙ ФИЛИАЛ ООО ""СМК ""РЕСО-МЕД""";РЕСПУБЛИКА ХАКАСИЯ, ГОРОД АБАКАН, ПРОСПЕКТ ЛЕНИНА, ДОМ 49, ПОМЕЩЕНИЕ 233Н;ФЕДОСЕЕВ;ВИКТОР;ПАВЛОВИЧ;8-3902-344058;8-3902-248846;8-800-2009204;RH@RESO-MED.COM;ОС №0879-01;29.08.2019;31.12.2099;30.08.2019;
46;20001;1027739099772;774401001;"ФИЛИАЛ АКЦИОНЕРНОГО ОБЩЕСТВА ""МЕДИЦИНСКАЯ АКЦИОНЕРНАЯ СТРАХОВАЯ КОМПАНИЯ"" В ГОРОДЕ ГРОЗНЫЙ";"ФИЛИАЛ АО ""МАКС-М"" В Г.ГРОЗНЫЙ";ЧЕЧЕНСКАЯ РЕСПУБЛИКА, Г.ГРОЗНЫЙ, УЛ. ГРИБОЕДОВА, 97А;ТАПАЕВ;АХМЕД;ШАРИПОВИЧ;8-8712-224945, 8-8712-224945;8-8712-223196;8-800-3335503;"MAKC-M@INBOX.RU; PRIEM-GROZNIY@MAKC.RU";OC №2226-01;23.01.2017;31.12.2099;01.01.2011;
47;21001;1082124001783;212401001;"АКЦИОНЕРНОЕ ОБЩЕСТВО ""ЧУВАШСКАЯ МЕДИЦИНСКАЯ СТРАХОВАЯ КОМПАНИЯ""";"АО ""ЧУВАШСКАЯ МСК""";ЧУВАШСКАЯ РЕСПУБЛИКА, Г.НОВОЧЕБОКСАРСК, УЛ. КОМСОМОЛЬСКАЯ, Д.21;ДУНИН;АЛЕКСАНДР;ИВАНОВИЧ;8-8352-733815, 8-8352-730442;8-8352-733815;8-800-2019546;NOVSBK@CBX.RU;ОС № 2136-01;09.11.2015;31.12.2099;15.04.2011;
48;21002;1072130019378;213001001;"АКЦИОНЕРНОЕ ОБЩЕСТВО ""СТРАХОВАЯ КОМПАНИЯ ""ЧУВАШИЯ-МЕД""";"АО ""СК ""ЧУВАШИЯ-МЕД""";ЧУВАШСКАЯ РЕСПУБЛИКА, Г. ЧЕБОКСАРЫ, УЛ. КООПЕРАТИВНАЯ, Д. 6;АКИМОВА;ГУЛЬМИРА;ТАГАЕВНА;8-8352-709868, 8-8352-662226;8-8352-621201;8-800-8800250;SO_SBK@CHTTS.RU;ОС № 0552-01;25.03.2015;31.12.2099;15.04.2011;
49;22001;1025004642519;222543001;"АЛТАЙСКИЙ ФИЛИАЛ ОБЩЕСТВА С ОГРАНИЧЕННОЙ ОТВЕТСТВЕННОСТЬЮ ""СТРАХОВАЯ МЕДИЦИНСКАЯ КОМПАНИЯ РЕСО-МЕД""";"АЛТАЙСКИЙ ФИЛИАЛ ООО ""СМК РЕСО-МЕД""";АЛТАЙСКИЙ КРАЙ, Г.БАРНАУЛ, УЛ. МАЛО-ОЛОНСКАЯ, 17;ОСИПОВ;ЕВГЕНИЙ;АНДРЕЕВИЧ;8-385-2243637;8-385-2242972;8-800-2009204;SEKRETAR@ALTAI.RESO-MED.COM;ОС №0879-01;29.08.2019;31.12.2099;01.01.2011;
50;22003;1027739449913;222143001;"ФИЛИАЛ ""АЛТАЙСКИЙ"" АКЦИОНЕРНОГО ОБЩЕСТВА ""СТРАХОВАЯ ГРУППА ""СПАССКИЕ ВОРОТА-М""";"ФИЛИАЛ ""АЛТАЙСКИЙ"" АО ""СТРАХОВАЯ ГРУППА ""СПАССКИЕ ВОРОТА-М""";АЛТАЙСКИЙ КРАЙ, Г.БАРНАУЛ, ПР.СТРОИТЕЛЕЙ, 22, ОФИС 317;ДОЛГОВ;ЭДУАРД;АНАТОЛЬЕВИЧ;8-385-2667883;8-385-2667883;8-800-7700799;SV_ALTAI@BK.RU;ОС №2354-01;13.04.2020;31.12.2099;01.01.2011;
51;22006;1027806865481;222543001;"ФИЛИАЛ ООО ""КАПИТАЛ МЕДИЦИНСКОЕ СТРАХОВАНИЕ"" В АЛТАЙСКОМ КРАЕ";"ФИЛИАЛ ООО ""КАПИТАЛ МС"" В АЛТАЙСКОМ КРАЕ";АЛТАЙСКИЙ КРАЙ, Г.БАРНАУЛ, ПРОСПЕКТ СТРОИТЕЛЕЙ, 4Б;ШКУРАТОВА;СВЕТЛАНА;НИКОЛАЕВНА;8-3852-202817;8-3852-202823;8-800-1008102;SVETLANA.SHKURATOVA@KAPMED.RU;ОС №3676 - 01;16.11.2018;31.12.2099;01.01.2011;
52;23117;1177746612581;230943001;КРАСНОДАРСКИЙ ФИЛИАЛ ОБЩЕСТВА С ОГРАНИЧЕННОЙ ОТВЕТСТВЕННОСТЬЮ ВТБ МЕДИЦИНСКОЕ СТРАХОВАНИЕ;ОБЩЕСТВО С ОГРАНИЧЕННОЙ ОТВЕТСТВЕННОСТЬЮ ВТБ МЕДИЦИНСКОЕ СТРАХОВАНИЕ;Г.КРАСНОДАР, УЛ. КРАСНАЯ, ДОМ 33;ТАРАБАРА;ЛЮДМИЛА;АНДРЕЕВНА;8-861-9922386, 8-495-6444404;8-861-9922386, 8-495-6444404;8-800-1008005;KRASNODAR@VTBMS.RU, VTBMS@VTBMS.RU;ОС № 0257-01;25.10.2017;31.12.2099;26.05.2017;26.03.2020
53;23207;1047100775963;231043002;"КРАСНОДАРСКИЙ ФИЛИАЛ ОБЩЕСТВА С ОГРАНИЧЕННОЙ ОТВЕТСТВЕННОСТЬЮ ""АЛЬФАСТРАХОВАНИЕ-ОМС""";"КРАСНОДАРСКИЙ ФИЛИАЛ ООО ""АЛЬФАСТРАХОВАНИЕ-ОМС""";Г.КРАСНОДАР, УЛ.ОДЕССКАЯ, Д.48;ПОЛУШКИНА;НИНА;ВАСИЛЬЕВНА;8-861-2104429, 8-495-7880999;8-861-2104429, 8-495-7850888;8-800-5551001;POLUSHKINANV@ALFASTRAH.RU, ARYGAKOV@ALFASTRAH.RU;ОС № 0193-01;03.08.2017;31.12.2099;30.07.2013;
54;23407;1027806865481;230843001;"ФИЛИАЛ ОБЩЕСТВА С ОГРАНИЧЕННОЙ ОТВЕТСТВЕННОСТЬЮ ""КАПИТАЛ МЕДИЦИНСКОЕ СТРАХОВАНИЕ"" В КРАСНОДАРСКОМ КРАЕ";"ООО ""КАПИТАЛ МС""";Г.КРАСНОДАР, УЛ.КИРОВА, Д.131;ГОЛОВЕНКО;ОЛЬГА;ДМИТРИЕВНА;8-861-2590919, 8-495-2878125;8-861-2590919, 8-495-2878126;8-800-1008102;GOLOVENKO.OLGA@KAPMED.RU, OMS@KAPMED.RU;ОС № 3676 - 01;16.11.2018;31.12.2099;01.01.2011;
55;23607;1027739008440;230843001;"КРАСНОДАРСКИЙ ФИЛИАЛ АКЦИОНЕРНОГО ОБЩЕСТВА ""СТРАХОВАЯ КОМПАНИЯ ""СОГАЗ-МЕД""";"АКЦИОНЕРНОЕ ОБЩЕСТВО ""СТРАХОВАЯ КОМПАНИЯ ""СОГАЗ-МЕД""";РФ, Г.КРАСНОДАР, УЛ.КРАСНАЯ, Д.33;ТАРАБАРА;ЛЮДМИЛА;АНДРЕЕВНА;8-861-2625400, 8-495-2252310;8-861-2625400, 8-495-2252310;8-800-1000702;TARABARA.LUDMILA@SOGAZ-MED.RU, TOE@SOGAZ-MED.RU;ОС № 3230-01;28.02.2019;31.12.2099;19.08.2014;
56;24001;1022402648784;246101001;"АКЦИОНЕРНОЕ ОБЩЕСТВО ""МЕДИЦИНСКАЯ СТРАХОВАЯ ОРГАНИЗАЦИЯ ""НАДЕЖДА""";"АО МСО ""НАДЕЖДА""";660077, Г. КРАСНОЯРСК, УЛ. ВЕСНЫ, Д. 36, 3 ЭТАЖ;ДЁМИН;ЮРИЙ;ФЁДОРОВИЧ;8-391-2008090;8-391-2620330;8-800-7003368;SEKRETAR@KRSK.RESO-MED.COM;ОС № 1447-01;12.12.2019;31.12.2099;01.01.2011;29.04.2020
57;24002;1042402509423;246401001;"ОБЩЕСТВО С ОГРАНИЧЕННОЙ ОТВЕТСТВЕННОСТЬЮ МЕДИЦИНСКАЯ СТРАХОВАЯ КОМПАНИЯ ""МЕДИКА-ВОСТОК""";"ООО МСК ""МЕДИКА-ВОСТОК""";660093, Г. КРАСНОЯРСК, УЛ. КОЛЬЦЕВАЯ, Д. 5, ПОМ.70;ФРОЛОВА;ГАЛИНА;КОНСТАНТИНОВНА;8-391-2365714;8-391-2365714;8-800-3509950;SECRETARY@MVOSTOK.RU;ОС № 0660-01;22.09.2015;;01.01.2011;22.04.2020
58;24004;1177746612581;246543001;КРАСНОЯРСКИЙ ФИЛИАЛ ОБЩЕСТВА С ОГРАНИЧЕННОЙ ОТВЕТСТВЕННОСТЬЮ ВТБ МЕДИЦИНСКОЕ СТРАХОВАНИЕ;КРАСНОЯРСКИЙ ФИЛИАЛ ООО ВТБ МС;660022, Г. КРАСНОЯРСК, УЛ. ПАРТИЗАНА ЖЕЛЕЗНЯКА, 6 А , ПОМ. 9;ОРЛОВА;АЛЁНА;ЮРЬЕВНА;8-391-2709992;8-391-2709992;8-800-1008005;ORLOVAAU@VTBMS.RU;ОС № 2890-01;14.09.2017;;01.01.2011;26.03.2020
59;24005;1027810220382;246602001;"КРАСНОЯРСКИЙ ФИЛИАЛ ОБЩЕСТВА С ОГРАНИЧЕННОЙ ОТВЕТСТВЕННОСТЬЮ СТРАХОВАЯ КОМПАНИЯ ""КАПИТАЛ-ПОЛИС МЕДИЦИНА""";"КРАСНОЯРСКИЙ ФИЛИАЛ ООО СК ""КАПИТАЛ-ПОЛИС МЕД""";660017, Г. КРАСНОЯРСК, ПР.ЛЕНИНА, Д.122;КОЛЬБА;ВЕРА;ИВАНОВНА;8-391-2662330;8-391-2662330;8-800-3501199;OMS@KAPITALPOLISMED.RU;ОС № 2875-01;26.02.2018;;01.01.2011;
60;24008;1045207042528;246243001;"ФИЛИАЛ ОБЩЕСТВА С ОГРАНИЧЕННОЙ ОТВЕТСТВЕННОСТЬЮ ""СТРАХОВАЯ КОМПАНИЯ ""ИНГОССТРАХ-М"" В Г.КРАСНОЯРСК - МЕДИКА-ВОСТОК";"ФИЛИАЛ ООО ""СК ""ИНГОССТРАХ-М"" В Г.КРАСНОЯРСК - МЕДИКА-ВОСТОК";Г. КРАСНОЯРСК, ПР.КРАСНОЯРСКИЙ РАБОЧИЙ Д.60;АРУТЮНОВ;АЛЕКСАНДР;ГЕНРИХОВИЧ;8-391-2365713;8-391-2365713;8-800-3509950;ALEKSANDR.ARUTYUNOV@INGOS.RU;ОС № 3837-01;09.09.2019;31.12.2099;23.04.2020;
61;24020;1027739008440;246543001;"КРАСНОЯРСКИЙ ФИЛИАЛ АО ""СТРАХОВАЯ КОМПАНИЯ ""СОГАЗ-МЕД""";"КРАСНОЯРСКИЙ ФИЛИАЛ АО ""СТРАХОВАЯ КОМПАНИЯ ""СОГАЗ-МЕД""";КРАЙ КРАСНОЯРСКИЙ, ГОРОД КРАСНОЯРСК, УЛИЦА ПАРТИЗАНА ЖЕЛЕЗНЯКА, ДОМ 6, КОРПУС А, ОФИС 9;ОРЛОВА;АЛЁНА;ЮРЬЕВНА;8-391-2709992;8-391-2709992;8-800-1000702;KRASNOYARSK@SOGAZ-MED.RU;ОС № 3230-01;28.02.2019;31.12.2099;12.07.2019;
62;24021;1025004642519;503501001;"ОБЩЕСТВО С ОГРАНИЧЕННОЙ ОТВЕТСТВЕННОСТЬЮ ""СТРАХОВАЯ МЕДИЦИНСКАЯ КОМПАНИЯ РЕСО-МЕД""";"ООО ""СМК РЕСО-МЕД""";Г. ПАВЛОВСКИЙ ПОСАД, УЛ. УРИЦКОГО, Д. 26;ДЁМИН;ЮРИЙ;ФЁДОРОВИЧ;8-499-3727915;8-499-3727916;8-800-2009204;OFFICE@RESO-MED.COM;ОС № 0879-01;29.08.2019;31.12.2099;30.08.2019;29.04.2020
63;24022;1025004642519;246543001;"КРАСНОЯРСКИЙ ФИЛИАЛ ОБЩЕСТВА С ОГРАНИЧЕННОЙ ОТВЕТСТВЕННОСТЬЮ ""СТРАХОВАЯ МЕДИЦИНСКАЯ КОМПАНИЯ РЕСО-МЕД""";"КРАСНОЯРСКИЙ ФИЛИАЛ ООО ""СМК РЕСО-МЕД""";Г. КРАСНОЯРСК, УЛ. ВЕСНЫ, Д. 36;ХАЛИТОВ;РЕНАТ;ФАНИЛЬЕВИЧ;8-391-2008090;8-391-2008090;8-800-2009204;SECRETAR@KRSK.RESO-MED.COM;ОС № 0879-01;29.08.2019;31.12.2099;30.04.2020;
64;25011;1022501895350;254301001;"ОБЩЕСТВО С ОГРАНИЧЕННОЙ ОТВЕТСТВЕННОСТЬЮ СТРАХОВАЯ МЕДИЦИНСКАЯ ОРГАНИЗАЦИЯ ""ВОСТОЧНО-СТРАХОВОЙ АЛЬЯНС""";"ООО СМО ""ВОСТОЧНО-СТРАХОВОЙ АЛЬЯНС""";ПРИМОРСКИЙ КРАЙ, Г.ВЛАДИВОСТОК, УЛ. АЛТАЙСКАЯ, 3;ТИХОНОВ;БОРИС;ПЕТРОВИЧ;8-423-2446820;8-423-2446820;8-800-3337903;VL@VSAL.RU;ОС № 3570-01;14.10.2015;;24.08.2011;
65;25016;1027739449913;253643001;"ФИЛИАЛ ВЛАДИВОСТОКСКИЙ АКЦИОНЕРНОГО ОБЩЕСТВА ""СТРАХОВАЯ ГРУППА ""СПАССКИЕ ВОРОТА-М""";"ФИЛИАЛ ""ВЛАДИВОСТОКСКИЙ"" АО ""СТРАХОВАЯ ГРУППА СПАССКИЕ ВОРОТА-М""";ПРИМОРСКИЙ КРАЙ, Г.ВЛАДИВОСТОК, УЛ. ПОЛОГАЯ, 66;ПЕТРУХИНА;НАТАЛЬЯ;АНАТОЛЬЕВНА;8-423-2208938;8-423-2402637;8-800-7700799;SV-M-V@MAIL.RU;ОС № 2354-01;13.04.2020;31.12.2099;01.01.2011;
66;26004;1177746612581;263243001;СТАВРОПОЛЬСКИЙ ФИЛИАЛ ОБЩЕСТВА С ОГРАНИЧЕННОЙ ОТВЕТСТВЕННОСТЬЮ ВТБ МЕДИЦИНСКОЕ СТРАХОВАНИЕ;СТАВРОПОЛЬСКИЙ ФИЛИАЛ ООО ВТБ МС;СТАВРОПОЛЬСКИЙ КРАЙ, Г. ПЯТИГОРСК, УЛ. МАЛЫГИНА, 30;МАКОЕВА;ТАИРА;АГУБЕЕВНА;8-879-3200420;8-879-3200422;8-800-1008005;PJATIGORSK@VTBMS.RU;ОС № 2890-01;14.09.2017;31.12.2099;30.05.2017;31.03.2020
67;26005;1045207042528;263543001;"ФИЛИАЛ ОБЩЕСТВА С ОГРАНИЧЕННОЙ ОТВЕТСТВЕННОСТЬЮ ""СТРАХОВАЯ КОМПАНИЯ ""ИНГОССТРАХ-М"" В Г. СТАВРОПОЛЕ";"ФИЛИАЛ ООО ""СК ""ИНГОССТРАХ-М"" В Г. СТАВРОПОЛЕ";СТАВРОПОЛЬСКИЙ КРАЙ, Г. СТАВРОПОЛЬ, УЛ. ПЕРВАЯ ПРОМЫШЛЕННАЯ, Д. 3;ЛАВРИНЕНКО;АНАТОЛИЙ;ФИЛИППОВИЧ;8-8652-560671;8-8652-560672;8-865-2560668;INGOS-M@INGOS.RU, INGOS-M@INGOS.STAVROPOL.RU;ОС № 3837-01;09.09.2019;31.12.2099;29.08.2011;
68;26008;1027739008440;263243001;"СТАВРОПОЛЬСКИЙ ФИЛИАЛ АКЦИОНЕРНОГО ОБЩЕСТВА ""СТРАХОВАЯ КОМПАНИЯ ""СОГАЗ-МЕД""";"СТАВРОПОЛЬСКИЙ ФИЛИАЛ АО ""СТРАХОВАЯ КОМПАНИЯ ""СОГАЗ-МЕД""";СТАВРОПОЛЬСКИЙ КРАЙ, Г. ПЯТИГОРСК, УЛ. МАЛЫГИНА, Д. 30;МАКОЕВА;ТАИРА;АГУБЕЕВНА;8-879-3200420;8-879-3200420;8-800-1000702;STAVROPOI@SOGAZ-MED.RU;ОС № 3230-01;28.02.2019;31.12.2099;15.06.2018;
69;27002;1177746612581;272143001;ХАБАРОВСКИЙ ФИЛИАЛ ОБЩЕСТВА С ОГРАНИЧЕННОЙ ОТВЕТСТВЕННОСТЬЮ ВТБ МЕДИЦИНСКОЕ СТРАХОВАНИЕ;ХАБАРОВСКИЙ ФИЛИАЛ ООО ВТБ МС;ХАБАРОВСКИЙ КРАЙ, Г. ХАБАРОВСК, УЛ. МУРАВЬЕВА-АМУРСКОГО, Д. 44;ЛАЗЕРКО;НЕЛЛИ;АЛЕКСАНДРОВНА;8-4212-408313;8-4212-408313;8-800-1008005;SHCHERBAKOVAIG@VTBMS.RU, KHABAROVSK-MS@VTBMS.RU;ОС № 2890-01;14.09.2017;31.12.2099;01.01.2011;26.03.2020
70;27004;1027739449913;272102001;"ФИЛИАЛ ""ХАБАРОВСКИЙ"" АКЦИОНЕРНОГО ОБЩЕСТВА ""СТРАХОВАЯ ГРУППА ""СПАССКИЕ ВОРОТА-М""";"ФИЛИАЛ ""ХАБАРОВСКИЙ"" АО ""СТРАХОВАЯ ГРУППА ""СПАССКИЕ ВОРОТА-М""";ХАБАРОВСКИЙ КРАЙ, Г. ХАБАРОВСК, УЛ, ДЗЕРЖИНСКОГО, Д. 34, ОФ. 204;ШЕПТУР;ЮЛИЯ;ВИКТОРОВНА;8-4212-421602;8-4212-421602;8-800-7700799;SPASMED-KHV@MAIL.RU;ОС № 2354-01;13.04.2020;31.12.2099;01.01.2011;
71;27005;1027739008440;272443001;"ХАБАРОВСКИЙ ФИЛИАЛ АКЦИОНЕРНОГО ОБЩЕСТВА ""СТРАХОВАЯ КОМПАНИЯ ""СОГАЗ-МЕД""";"ХАБАРОВСКИЙ ФИЛИАЛ АО ""СТРАХОВАЯ КОМПАНИЯ ""СОГАЗ-МЕД""";ХАБАРОВСКИЙ КРАЙ, Г. ХАБАРОВСК, УЛ. ВОЛОЧАЕВСКАЯ, Д. 133;ЛАЗЕРКО;НЕЛЛИ;АЛЕКСАНДРОВНА;8-421-2474611;8-421-2474629;8-800-1000702;KHB@SOGAZ-MED.RU;ОС № 3230-01;28.02.2019;31.12.2099;27.07.2015;
72;28001;1027739449913;280143001;"ФИЛИАЛ ""АМУРСКИЙ"" АКЦИОНЕРНОГО ОБЩЕСТВА ""СТРАХОВАЯ ГРУППА ""СПАССКИЕ ВОРОТА-М""";"ФИЛИАЛ ""АМУРСКИЙ"" АО ""СТРАХОВАЯ ГРУППА ""СПАССКИЕ ВОРОТА-М""";АМУРСКАЯ ОБЛАСТЬ, Г.БЛАГОВЕЩЕНСК, ПЕР.СВЯТИТЕЛЯ ИННОКЕНТИЯ, Д.2;ЧАПЛИНСКАЯ;ОКСАНА;АЛЕКСАНДРОВНА;8-4162-539285;8-4162-539285;8-800-7700799;SPASSKIE-AMUR@YANDEX.RU;ОС № 2354 - 01;13.04.2020;01.01.2099;01.01.2011;
73;28004;1027739008440;280143001;"АМУРСКИЙ ФИЛИАЛ АКЦИОНЕРНОГО ОБЩЕСТВА ""СТРАХОВАЯ КОМПАНИЯ ""СОГАЗ-МЕД""";"АМУРСКИЙ ФИЛИАЛ АО ""СТРАХОВАЯ КОМПАНИЯ ""СОГАЗ-МЕД""";ОБЛАСТЬ АМУРСКАЯ, ГОРОД БЛАГОВЕЩЕНСК, УЛИЦА КРАСНОАРМЕЙСКАЯ, ДОМ 110, ОФИС 401;ДЬЯЧКОВА;ЕЛЕНА;ЛЕОНИДОВНА;8-4162-237350;8-4162-237356;8-800-1000702;AMUR@SOGAZ-MED.RU;ОС № 3230-01;28.02.2019;01.01.2099;01.01.2013;
74;29030;1027739008440;290102002;"АРХАНГЕЛЬСКИЙ ФИЛИАЛ АО ""СТРАХОВАЯ КОМПАНИЯ ""СОГАЗ-МЕД""";"АРХАНГЕЛЬСКИЙ ФИЛИАЛ АО ""СТРАХОВАЯ КОМПАНИЯ ""СОГАЗ-МЕД""";АРХАНГЕЛЬСКАЯ ОБЛ, Г.АРХАНГЕЛЬСК, УЛ.НАБЕРЕЖНАЯ СЕВЕРНОЙ ДВИНЫ, Д.112, КОРП.3;ШАДРИНА;ЕЛЕНА;ПАВЛОВНА;8-8182-421050;8-8182-421050;8-800-1000702;ARH@SOGAZ-MED.RU;ОС № 3230-01;28.02.2019;28.02.2099;01.01.2011;
75;29031;1027806865481;290143001;ФИЛИАЛ ООО «КАПИТАЛ МЕДИЦИНСКОЕ СТРАХОВАНИЕ» В АРХАНГЕЛЬСКОЙ ОБЛАСТИ;ФИЛИАЛ ООО «КАПИТАЛ МС» В АРХАНГЕЛЬСКОЙ ОБЛАСТИ;АРХАНГЕЛЬСКАЯ,ОБЛ, Г.АРХАНГЕЛЬСК,ПЛ.ЛЕНИНА,Д.4,ОФИС 2008;ЛОДЫГИН;ЕВГЕНИЙ;ИГОРЕВИЧ;8-8182-207949;8-8182-207949;8-800-1008102;OMS.ARHANGELSK@KAPMED.RU;ОС № 3676-01;16.11.2018;16.11.2099;01.01.2011;
76;30002;1027739008440;301502001;"АСТРАХАНСКИЙ ФИЛИАЛ АКЦИОНЕРНОГО ОБЩЕСТВА ""СТРАХОВАЯ КОМПАНИЯ ""СОГАЗ-МЕД""";"АСТРАХАНСКИЙ ФИЛИАЛ АО ""СТРАХОВАЯ КОМПАНИЯ ""СОГАЗ-МЕД""";Г. АСТРАХАНЬ, УЛ.КРАСНОГО ЗНАМЕНИ, ДОМ 16 А, ЛИТЕР И;ШАБАЛИНА;ТАТЬЯНА;ЮРЬЕВНА;8-8512-441814;8-8495-2252310;8-800-1000702;SHABALINATU@SOGAZ-MED.RU;ОС №3230-01;28.02.2019;31.12.2099;01.01.2011;
77;31001;1027739099772;770501001;"ФИЛИАЛ АКЦИОНЕРНОГО ОБЩЕСТВА ""МЕДИЦИНСКАЯ АКЦИОНЕРНАЯ СТРАХОВАЯ КОМПАНИЯ "" В ГОРОДЕ БЕЛГОРОДЕ";"ФИЛИАЛ АО ""МАКС-М"" В Г. БЕЛГОРОДЕ";БЕЛГОРОДСКАЯ ОБЛАСТЬ,Г. БЕЛГОРОД, УЛ. НИКОЛАЯ ЧУМИЧЕВА, Д. 41;ШЕВЧЕНКО;КОНСТАНТИН;ВАСИЛЬЕВИЧ;8-472-2328124;8-472-2356591;8-800-5556603;RECEPTION@MAKC-M31.RU;ОС № 2226-01;23.01.2017;31.12.2099;01.01.2011;
78;31006;1043600049041;366401001;"БЕЛГОРОДСКИЙ ФИЛИАЛ ОБЩЕСТВО С ОГРАНИЧЕННОЙ ОТВЕТСТВЕННОСТЬЮ ""МЕДИЦИНСКАЯ СТРАХОВАЯ КОМПАНИЯ ""ИНКО-МЕД""";"БЕЛГОРОДСКИЙ ФИЛИАЛ ООО ""МСК ""ИНКО-МЕД""";БЕЛГОРОД Г, Н. ОСТРОВСКОГО УЛ, 22 Д;ГАПЕЕВ;АЛЕКСАНДР;ГРИГОРЬЕВИЧ;8-4722-202876;8-920-2039175;8-800-1003603;INKOBELGOROD@INKO-MED.RU;ОС № 2031-01;09.11.2015;31.12.2099;14.08.2014;
79;32020;1045207042528;325703001;"ФИЛИАЛ ОБЩЕСТВА С ОГРАНИЧЕННОЙ ОТВЕТСТВЕННОСТЬЮ ""СТРАХОВАЯ КОМПАНИЯ ""ИНГОССТРАХ-М"" В Г. БРЯНСК";"ФИЛИАЛ ООО ""СК ""ИНГОССТРАХ-М"" В Г. БРЯНСК";БРЯНСКАЯ ОБЛАСТЬ, Г. БРЯНСК, УЛ. РОМАШИНА Д. 32;ШАЧНЕВ;ИГОРЬ;АЛЕКСАНДРОВИЧ;8-4832-303717;8-4832-303717;8-800-1007755;IGOR.SHATCHNEV@INGOS.RU;ОС № 3837-01;09.09.2019;31.12.2099;01.01.2011;
80;32030;1177746612581;325743001;БРЯНСКИЙ ФИЛИАЛ ОБЩЕСТВА С ОГРАНИЧЕННОЙ ОТВЕТСТВЕННОСТЬЮ ВТБ МЕДИЦИНСКОЕ СТРАХОВАНИЕ;БРЯНСКИЙ ФИЛИАЛ ООО ВТБ МС;БРЯНСКАЯ ОБЛАСТЬ, Г. БРЯНСК, УЛ. РОМАШИНА Д. 1;ПОТЕМКИНА;СВЕТЛАНА;ВАСИЛЬЕВНА;8-4832-367423;8-4832-367423;8-800-1008005;POTEMKINASV@VTBMS.RU;ОС № 2890-01;14.09.2017;31.12.2099;01.01.2011;26.03.2020
81;32040;1027739008440;325743002;"БРЯНСКИЙ ФИЛИАЛ АКЦИОНЕРНОГО ОБЩЕСТВА ""СТРАХОВАЯ КОМПАНИЯ ""СОГАЗ-МЕД""";"БРЯНСКИЙ ФИЛИАЛ АО ""СТРАХОВАЯ КОМПАНИЯ ""СОГАЗ-МЕД""";БРЯНСКАЯ ОБЛАСТЬ, Г. БРЯНСК, УЛ. РОМАШИНА, Д. 1;ПОТЕМКИНА;СВЕТЛАНА;ВАСИЛЬЕВНА;8-4832-367423;8-4832-367423;8-800-1000702;POTEMKINASV@SOGAZ-MED.RU;ОС № 3230-01;28.02.2019;31.12.2099;14.06.2018;
82;32055;1047100775963;325743001;"БРЯНСКИЙ ФИЛИАЛ ОБЩЕСТВА С ОГРАНИЧЕННОЙ ОТВЕТСТВЕННОСТЬЮ ""АЛЬФАСТРАХОВАНИЕ-ОМС""";"БРЯНСКИЙ ФИЛИАЛ ООО ""АЛЬФАСТРАХОВАНИЕ-ОМС""";БРЯНСКАЯ ОБЛАСТЬ, Г. БРЯНСК, УЛ. ЕВДОКИМОВА, Д. 2;МАРТЫНЕНКО;АЛЕКСАНДР;АЛЕКСЕЕВИЧ;8-4832-555094;8-4832-555090;8-800-5551001;MARTYNENKOAA@ALFASTRAH.RU;ОС № 0193-01;03.08.2017;31.12.2099;09.08.2013;
83;33004;1027739099772;770501001;"ФИЛИАЛ АКЦИОНЕРНОГО ОБЩЕСТВА ""МЕДИЦИНСКАЯ АКЦИОНЕРНАЯ СТРАХОВАЯ КОМПАНИЯ"" В ГОРОДЕ ВЛАДИМИРЕ";"ФИЛИАЛ АО ""МАКС-М"" В Г.ВЛАДИМИРЕ";Г.ВЛАДИМИР, УЛ.СТОЛЕТОВЫХ, Д.9;КЛЮЕВ;АЛЕКСЕЙ;НИКОЛАЕВИЧ;8-4922-323298, 8-4922-420952;8-4922-323298, 8-4922-420952;8-800-3336003;VLADIMIR@MAKCM.RU;ОС № 2226-01;23.01.2017;31.12.2099;15.04.2011;
84;33007;1045207042528;332945002;"ФИЛИАЛ ОБЩЕСТВА С ОГРАНИЧЕННОЙ ОТВЕТСТВЕННОСТЬЮ ""СТРАХОВАЯ КОМПАНИЯ ""ИНГОССТРАХ-М"" В Г.ВЛАДИМИР";"ФИЛИАЛ ООО ""СК ""ИНГОССТРАХ-М"" В Г.ВЛАДИМИР";Г.ВЛАДИМИР, УЛ.СПАССКАЯ, Д.4;МОРОЗОВА;НИНЕЛЬ;ИВАНОВНА;8-4922-324120, 8-4922-326259;8-4922-324120, 8-4922-326259;8-800-6002427;"INGOS-M@VLADIMIR.INGOS.RU;";ОС № 3837-01;09.09.2019;31.12.2099;15.04.2011;
85;33009;1027806865481;332943001;"ФИЛИАЛ ООО ""КАПИТАЛ МЕДИЦИНСКОЕ СТРАХОВАНИЕ"" ВО ВЛАДИМИРСКОЙ ОБЛАСТИ";"ФИЛИАЛ ООО ""КАПИТАЛ МС"" ВО ВЛАДИМИРСКОЙ ОБЛАСТИ";ВЛАДИМИРСКАЯ ОБЛ.,ВЛАДИМИР Г.,СПАССКАЯ УЛ.,ДОМ 4;АННИНА;ТАТЬЯНА;ЮРЬЕВНА;8-4922-420561, 8-4922-326825;8-4922-326825;8-800-1008102;OMS.VLADIMIR@KAPMED.RU, TATIANA.ANNINA@KAPMED.RU;ОС № 3676-01;16.11.2018;31.12.2099;14.08.2015;
86;34002;1027739008440;344443002;"ВОЛГОГРАДСКИЙ ФИЛИАЛ АКЦИОНЕРНОГО ОБЩЕСТВА ""СТРАХОВАЯ КОМПАНИЯ ""СОГАЗ - МЕД""";"ВОЛГОГРАДСКИЙ ФИЛИАЛ АО ""СТРАХОВАЯ КОМПАНИЯ ""СОГАЗ - МЕД""";ВОЛГОГРАДСКАЯ ОБЛАСТЬ, Г. ВОЛГОГРАД, УЛ. ДОНЕЦКАЯ, Д.14;ГЛАЗОВ;ВЛАДИМИР;ВИТАЛЬЕВИЧ;8-8442-253560;8-8442-253560;8-800-1000702;VOLGOGRAD@SOGAZ-MED.RU;ОС№3230-01;28.02.2019;31.08.2099;01.01.2011;
87;34007;1027806865481;775001001;"ФИЛИАЛ ООО ""КАПИТАЛ МЕДИЦИНСКОЕ СТРАХОВАНИЕ"" В ВОЛГОГРАДСКОЙ ОБЛАСТИ";"ФИЛИАЛ ООО ""КАПИТАЛ МС"" В ВОЛГОГРАДСКОЙ ОБЛАСТИ";ВОЛГОГРАДСКАЯ ОБЛАСТЬ, Г. ВОЛГОГРАД, УЛ.РАБОЧЕ-КРЕСТЬЯНСКАЯ, Д. 30 А;НИКЛЯЕВ;АЛЕКСАНДР;ВАЛЕНТИНОВИЧ;8-8442-550161;8-8442-550163;8-800-1008102;VOLGOGRAD@KAPMED.RU;ОС № 3676-01;16.11.2018;31.12.2099;10.08.2015;
88;35003;1027739008440;352543001;"ВОЛОГОДСКИЙ ФИЛИАЛ АО ""СТРАХОВАЯ КОМПАНИЯ ""СОГАЗ-МЕД""";"ВОЛОГОДСКИЙ ФИЛИАЛ АО ""СТРАХОВАЯ КОМПАНИЯ ""СОГАЗ-МЕД""";ВОЛОГОДСКАЯ ОБЛ., Г. ВОЛОГДА, УЛ. КОЗЛЕНСКАЯ, Д.3;КОСТАРЕВ;АЛЕКСАНДР;ВЛАДИМИРОВИЧ;8-8172-231030;8-8172-231033;8-800-1000702;VOLOGDA@SOGAZ-MED.RU;ОС №3230-01;28.02.2019;31.12.2099;02.08.2011;
89;36065;1043600049041;366401001;"ОБЩЕСТВО С ОГРАНИЧЕННОЙ ОТВЕТСТВЕННОСТЬЮ ""МЕДИЦИНСКАЯ СТРАХОВАЯ КОМПАНИЯ ""ИНКО-МЕД""";"ООО ""МСК ""ИНКО-МЕД""";Г. ВОРОНЕЖ,УЛ. ПЛАТОНОВА, Д.14;МОСКАЛЕВА;ТАТЬЯНА;НИКОЛАЕВНА;8-473-2550170;8-473-2610148;8-800-1003603;INFO@INKO-MED.RU;ОС № 2031-01;09.11.2015;31.12.2099;01.04.2011;
90;36071;1027739008440;366243001;"ВОРОНЕЖСКИЙ ФИЛИАЛ АО ""СТРАХОВАЯ КОМПАНИЯ ""СОГАЗ-МЕД""";"ВОРОНЕЖСКИЙ ФИЛИАЛ АО ""СТРАХОВАЯ КОМПАНИЯ ""СОГАЗ-МЕД""";Г. ВОРОНЕЖ,УЛ. РЕВОЛЮЦИИ 1905 ГОДА, Д.84 А;БЕССАРАБОВА;ЮЛИЯ;ВЕНИАМИНОВНА;8-473-2614751;8-473-2614751;8-800-1000702;VORONEZH@SOGAZ-MED.RU;ОС № 3230-01;28.02.2019;31.12.2099;01.04.2011;
91;36079;1177746612581;366443001;ВОРОНЕЖСКИЙ ФИЛИАЛ ОБЩЕСТВО С ОГРАНИЧЕННОЙ ОТВЕТСТВЕННОСТЬЮ ВТБ МЕДИЦИНСКОЕ СТРАХОВАНИЕ;ВОРОНЕЖСКИЙ ФИЛИАЛ ООО ВТБ МС;Г. ВОРОНЕЖ,УЛ. НИКИТИНСКАЯ, Д. 49;БЕССАРАБОВА;ЮЛИЯ;ВЕНИАМИНОВНА;8-473-2614751;8-473-2614751;8-800-1008005;BESSARABOVAYV@VTBMS.RU;ОС№2890-01;14.09.2017;31.12.2099;01.04.2011;26.03.2020
92;37002;1027739008440;370243001;"ИВАНОВСКИЙ ФИЛИАЛ АКЦИОНЕРНОГО ОБЩЕСТВА ""СТРАХОВАЯ КОМПАНИЯ ""СОГАЗ-МЕД""";"ИВАНОВСКИЙ ФИЛИАЛ АО ""СТРАХОВАЯ КОМПАНИЯ ""СОГАЗ-МЕД""";ИВАНОВСКАЯ ОБЛАСТЬ, Г. ИВАНОВО, УЛ. КРАСНОЙ АРМИИ, Д.1;НОВИКОВ;АНДРЕЙ;ВЛАДИМИРОВИЧ;8-4932-326970;8-4932-326970;8-800-1000702;NOVIKOV.ANDREY@SOGAZ-MED.RU;ОС № 3230-01;28.02.2019;01.01.2099;01.01.2011;
93;37004;1027739449913;370243001;"ФИЛИАЛ ""ИВАНОВСКИЙ"" АКЦИОНЕРНОГО ОБЩЕСТВА ""СТРАХОВАЯ ГРУППА ""СПАССКИЕ ВОРОТА-М""";"ФИЛИАЛ ""ИВАНОВСКИЙ"" АО ""СТРАХОВАЯ ГРУППА ""СПАССКИЕ ВОРОТА-М""";ИВАНОВСКАЯ ОБЛАСТЬ, Г. ИВАНОВО, ПЛ. РЕВОЛЮЦИИ, Д. 7;ЛИХОВ;ВАЛЕРИЙ;ЕВГЕНЬЕВИЧ;8-4932-353531;8-4932-353531;8-800-7700799;SPASSKIEVOROTA@RAMBLER.RU;ОС № 2354 - 01;13.04.2020;31.12.2099;01.01.2011;
94;38014;1027739008440;380802001;"АКЦИОНЕРНОЕ ОБЩЕСТВО ""СТРАХОВАЯ КОМПАНИЯ ""СОГАЗ-МЕД""";"АО ""СТРАХОВАЯ КОМПАНИЯ""СОГАЗ-МЕД""";ИРКУТСКАЯ ОБЛАСТЬ, Г.ИРКУТСК, УЛ. СВЕРДЛОВА, ДОМ 41;СОСОВА;КРИСТИНА;ВИЛОРЬЕВНА;8-3952-260545;8-3952-260545;8-800-1000702;SOSOVA.KRISTINA@SOGAZ-MED.RU;ОС № 3230 - 01;28.02.2019;31.12.2099;01.01.2011;
95;38017;1177746612581;380843001;ОБЩЕСТВО С ОГРАНИЧЕННОЙ ОТВЕТСТВЕННОСТЬЮ ВТБ МЕДИЦИНСКОЕ СТРАХОВАНИЕ;ООО ВТБ МС;РОССИЙСКАЯ ФЕДЕРАЦИЯ, ИРКУТСКАЯ ОБЛАСТЬ, Г.ИРКУТСК, УЛИЦА КАРЛА МАРКСА, ДОМ 30;СОСОВА;КРИСТИНА;ВИЛОРЬЕВНА;8-3952-258597;8-3952-258597;8-800-1008005;IRKUTSK-MS@VTBMS.RU;ОС № 2890-01;14.09.2017;31.12.2099;01.01.2011;26.03.2020
96;38020;1045207042528;384943002;"ОБЩЕСТВО С ОГРАНИЧЕННОЙ ОТВЕТСТВЕННОСТЬЮ ""СТРАХОВАЯ КОМПАНИЯ ""ИНГОССТРАХ-М""";"ООО ""СК ""ИНГОССТРАХ-М""";ИРКУТСКАЯ ОБЛАСТЬ, ГОРОД ИРКУТСК, УЛИЦА КРАСНОКАЗАЧЬЯ, ДОМ 21;ВЯЗНИКОВ;ВАДИМ;ЕВГЕНЬЕВИЧ;8-3952-534943;8-3952-534943;8-914-9266215;VADIM.VYAZNIKOV@INGOS.RU, INGOS@IRKOMS.RU;ОС № 3837-01;09.09.2019;31.12.2099;01.01.2011;
97;39001;1027739449913;390602001;"ФИЛИАЛ ""КАЛИНИНГРАДСКИЙ"" АКЦИОНЕРНОГО ОБЩЕСТВА""СТРАХОВАЯ ГРУППА ""СПАССКИЕ ВОРОТА-М""";"ФИЛИАЛ ""КАЛИНИНГРАДСКИЙ"" АО ""СТРАХОВАЯ ГРУППА ""СПАССКИЕ ВОРОТА-М""";КАЛИНИНГРАДСКАЯ ОБЛАСТЬ, Г. КАЛИНИНГРАД, УЛ. ЧЕРНЯХОВСКОГО, Д.6, ОФИС 107;ОТИНОВА;ЛОЛИТА;ВИТАУТО;8-4012-916679;8-4012-916679;8-800-7700799;KFSV-M@MAIL.RU;ОС № 2354 - 01;13.04.2020;31.12.2099;01.01.2011;
98;39002;1027739008440;390643001;"КАЛИНИНГРАДСКИЙ ФИЛИАЛ АКЦИОНЕРНОЕ ОБЩЕСТВО ""СТРАХОВАЯ КОМПАНИЯ ""СОГАЗ-МЕД""";"КАЛИНИНГРАДСКИЙ ФИЛИАЛ АО ""СТРАХОВАЯ КОМПАНИЯ ""СОГАЗ-МЕД""""";КАЛИНИНГРАДСКАЯ ОБЛАСТЬ, ГОРОД КАЛИНИНГРАД, ПЛОЩАДЬ ПОБЕДЫ, ДОМ4;ДИВАКОВА;ЛАРИСА;ВЛАДИМИРОВНА;8-4012-998500;8-4012-998515;8-800-1000702;KALININGRAD@SOGAZ-MED.RU;ОС№3230-01;28.02.2019;31.12.2099;01.01.2011;
99;39005;1027806865481;390602001;"ФИЛИАЛ ОБЩЕСТВА С ОГРАНИЧЕННОЙ ОТВЕТСТВЕННОСТЬЮ ""КАПИТАЛ МЕДИЦИНСКОЕ СТРАХОВАНИЕ"" В КАЛИНИНГРАДСКОЙ ОБЛАСТИ";"ФИЛИАЛ ООО ""КАПИТАЛ МС"" В КАЛИНИНГРАДСКОЙ ОБЛАСТИ";Г. КАЛИНИНГРАД, ПЛ.ПОБЕДЫ, Д.10;ТУГУШЕВ;ОЛЕГ;КАРИМОВИЧ;8-4012-593023, 8-800-1008102;8-4012-593022;8-800-1008101;OMS.KALININGRAD@KAPMED.RU;ОС № 3676-01;16.11.2018;31.12.2099;01.01.2011;
100;40001;1177746612581;402743001;КАЛУЖСКИЙ ФИЛИАЛ ОБЩЕСТВА С ОГРАНИЧЕННОЙ ОТВЕТСТВЕННОСТЬЮ ВТБ МЕДИЦИНСКОЕ СТРАХОВАНИЕ;КАЛУЖСКИЙ ФИЛИАЛ ООО ВТБ МС;Г.КАЛУГА,УЛ.ГЕОРГИЕВСКАЯ,3;АМЕЛИНА;ЕЛЕНА;АНДРЕЕВНА;8-4842-210270:4001;8-4842-210270:4099;8-800-1008005;AMELINAEA@VTBMS.RU, KALUGA-MS@VTBMS.RU;ОС№2890-01;14.09.2017;31.12.2099;01.01.2011;26.03.2020
101;40002;1027739099772;402702002;"ФИЛИАЛ АКЦИОНЕРНОГО ОБЩЕСТВА ""МЕДИЦИНСКАЯ АКЦИОНЕРНАЯ СТРАХОВАЯ КОМПАНИЯ"" В ГОРОДЕ КАЛУГЕ";"ФИЛИАЛ АО""МАКС-М"" В Г.КАЛУГЕ";Г. КАЛУГА, УЛ. КАРПОВА, Д.13;ЧУРСИНА;НАДЕЖДА;АНАТОЛЬЕВНА;8-4842-509690;8-4842-565751;8-800-5053303;NCHYURSINA@MAKCM.RU;ОС№2226-01;23.01.2017;31.12.2099;01.01.2011;
102;40004;1027739008440;402743001;"КАЛУЖСКИЙ ФИЛИАЛ АО""СТРАХОВАЯ КОМПАНИЯ ""СОГАЗ-МЕД""";"КАЛУЖСКИЙ ФИЛИАЛ АО""СТРАХОВАЯ КОМПАНИЯ ""СОГАЗ-МЕД""";КАЛУЖСКАЯ ОБЛАСТЬ,Г.КАЛУГА,УЛ.ГЕОРГИЕВСКАЯ,Д.3;АМЕЛИНА;ЕЛЕНА;АНДРЕЕВНА;8-4842-210270;8-4842-210270;8-800-1000702;AMELINAEA@SOGAZ-MED.RU;ОС№3230-01;28.02.2019;31.12.2099;19.06.2018;
103;41001;1027739008440;410143001;"КАМЧАТСКИЙ ФИЛИАЛ АКЦИОНЕРНОГО ОБЩЕСТВА ""СТРАХОВАЯ КОМПАНИЯ ""СОГАЗ-МЕД""";"КАМЧАТСКИЙ ФИЛИАЛ АО ""СТРАХОВАЯ КОМПАНИЯ ""СОГАЗ-МЕД""";КАМЧАТСКИЙ КРАЙ, Г. ПЕТРОПАВЛОВСК-КАМЧАТСКИЙ, УЛ. ЗЕРКАЛЬНАЯ, Д. 49;БОЛДЫШЕВСКАЯ;АЛЕНА;НИКОЛАЕВНА;8-4152-415484;8-4152-415481;8-800-1000702;BOLDYSHEVSKAYA.ALENA@SOGAZ-MED.RU;ОС № 3230-01;28.02.2019;31.12.2099;01.01.2011;
104;42005;1045207042528;420543001;"ФИЛИАЛ ОБЩЕСТВА С ОГРАНИЧЕННОЙ ОТВЕТСТВЕННОСТЬЮ ""СТРАХОВАЯ КОМПАНИЯ ""ИНГОССТРАХ-М"" В Г.КЕМЕРОВО";"ФИЛИАЛ ООО ""СК ""ИНГОССТРАХ-М"" В Г.КЕМЕРОВО";КЕМЕРОВСКАЯ ОБЛАСТЬ Г. КЕМЕРОВО УЛ. НОГРАДСКАЯ, 19А;ИДИЯТУЛЛИНА;ЕЛЕНА;РАИСОВНА;8-3842-754255, 8-3842-755929;8-3842-754255, 8-3842-758887;8-800-1007755;ELENA.IDIYATULLINA@INGOS.RU;С №3837 01;09.09.2019;31.12.2099;01.04.2011;
105;42009;1047100775963;420543001;"ОБЩЕСТВО С ОГРАНИЧЕННОЙ ОТВЕТСТВЕННОСТЬЮ ""АЛЬФАСТРАХОВАНИЕ-ОМС"" ФИЛИАЛ ""СИБИРЬ""";"ООО ""АЛЬФАСТРАХОВАНИЕ-ОМС"" ФИЛИАЛ ""СИБИРЬ""";КЕМЕРОВСКАЯ ОБЛАСТЬ, Г.КЕМЕРОВО, ПР.ЛЕНИНА, 137;БАЛАШОВА;СВЕТЛАНА;ВАСИЛЬЕВНА;8-3842-719970;8-3842-515554;8-800-5551001;BALASHOVASV@ALFASTRAH.RU;ОС №0193-01;03.08.2017;31.12.2099;05.08.2013;
106;43001;1177746612581;434502001;КИРОВСКИЙ ФИЛИАЛ ОБЩЕСТВА С ОГРАНИЧЕННОЙ ОТВЕТСТВЕННОСТЬЮ ВТБ МЕДИЦИНСКОЕ СТРАХОВАНИЕ;КИРОВСКИЙ ФИЛИАЛ ООО ВТБ МС;РОССИЙСКАЯ ФЕДЕРАЦИЯ, КИРОВСКАЯ ОБЛ, Г.КИРОВ, УЛ.МОСКОВСКАЯ, Д.10;КАЗАКОВ;ИГОРЬ;ПАВЛОВИЧ;8-8332-205833;8-8332-205833;8-800-1008005;KIROV-MS@VTBMS.RU, KAZAKOVIP@VTBMS.RU;ОС №2890-01;14.09.2017;31.12.2099;15.06.2011;26.03.2020
107;43005;1027739099772;770501001;"ФИЛИАЛ АКЦИОНЕРНОГО ОБЩЕСТВА ""МЕДИЦИНСКАЯ АКЦИОНЕРНАЯ СТРАХОВАЯ КОМПАНИЯ"" В ГОРОДЕ КИРОВЕ";"ФИЛИАЛ АО ""МАКС-М"" В Г. КИРОВЕ";РОССИЯ, КИРОВСКАЯ ОБЛ., Г.КИРОВ, УЛ.ВОРОВСКОГО, Д. 31;РЫБНИКОВ;ЕВГЕНИЙ;ВАЛЕНТИНОВИЧ;8-8332-371611;8-8332-371611;8-800-3339903;MAKCM43@MAKCM.RU;ОС № 2226-01;23.01.2017;31.12.2099;01.01.2011;
108;43006;1045207042528;434502001;"ФИЛИАЛ ОБЩЕСТВА С ОГРАНИЧЕННОЙ ОТВЕТСТВЕННОСТЬЮ ""СТРАХОВАЯ КОМПАНИЯ ""ИНГОССТРАХ-М"" В Г. КИРОВ";"ФИЛИАЛ ООО ""СК ""ИНГОССТРАХ-М"" В Г.КИРОВ";РОССИЯ, КИРОВСКАЯ ОБЛ., Г.КИРОВ, УЛ.ГОРЬКОГО, Д.5, ОФИС 301;ЛОЖКИНА;ОЛЬГА;ЛЕОНИДОВНА;8-8332-226165;8-8332-226165;8-800-6002427;OLGA.LOZHKINA@INGOS.RU;ОС №3837-01;09.09.2019;31.12.2099;01.01.2011;
109;43011;1027806865481;434502001;"ФИЛИАЛ ООО ""КАПИТАЛ МЕДИЦИНСКОЕ СТРАХОВАНИЕ"" В КИРОВСКОЙ ОБЛАСТИ";"ФИЛИАЛ ООО ""КАПИТАЛ МС"" В КИРОВСКОЙ ОБЛАСТИ";РОССИЯ, КИРОВСКАЯ ОБЛАСТЬ, Г.КИРОВ, УЛ.МАКЛИНА, Д. 53;КУЗНЕЦОВ;ЮРИЙ;АНАТОЛЬЕВИЧ;8-8332-329997;8-8332-440255;8-800-1008101;KIROV@KAPMED.RU;OC № 3676-01;16.11.2018;31.12.2099;01.01.2011;
110;43012;1027739008440;434543001;"КИРОВСКИЙ ФИЛИАЛ АО ""СТРАХОВАЯ КОМПАНИЯ ""СОГАЗ-МЕД""";"КИРОВСКИЙ ФИЛИАЛ АО ""СТРАХОВАЯ КОМПАНИЯ ""СОГАЗ-МЕД""";РОССИЙСКАЯ ФЕДЕРАЦИЯ, ГОРОД МОСКВА, ПЕРЕУЛОК УЛАНСКИЙ, ДОМ 26;КАЗАКОВ;ИГОРЬ;ПАВЛОВИЧ;8-8332-205833;8-8332-205833;8-800-1000702;KIROV@SOGAZ-MED.RU;ОС № 3230-01;28.02.2019;31.12.2099;13.06.2018;
111;44003;1027806865481;440143001;"ФИЛИАЛ ООО ""КАПИТАЛ МЕДИЦИНСКОЕ СТРАХОВАНИЕ"" В КОСТРОМСКОЙ ОБЛАСТИ";"ФИЛИАЛ ООО ""КАПИТАЛ МС"" В КОСТРОМСКОЙ ОБЛАСТИ";Г. КОСТРОМА, ПРОСПЕКТ ТЕКСТИЛЬЩИКОВ, Д. 33;ЛЫСОВА;СВЕТЛАНА;СТАНИСЛАВОВНА;8-4942-470181;8-4942-371473;8-800-1008102;OMS.KOSTROMA@KAPMED.RU;ОС № 3676-01;16.11.2018;31.12.2099;01.01.2011;
112;44011;1027739099772;440143001;"ФИЛИАЛ АКЦИОНЕРНОГО ОБЩЕСТВА ""МЕДИЦИНСКАЯ АКЦИОНЕРНАЯ СТРАХОВАЯ КОМПАНИЯ"" В ГОРОДЕ КОСТРОМЕ";"ФИЛИАЛ АО ""МАКС-М"" В Г. КОСТРОМЕ";Г. КОСТРОМА, УЛ. ЛЕНИНА, Д. 52;АФАНАСЬЕВ;АНДРЕЙ;ПАВЛОВИЧ;8-4942-455552;8-4942-494018;8-800-3336003;MMKOSTROMA@MAKC.RU;ОС № 2226-01;23.01.2017;31.12.2099;01.01.2011;
113;44012;1177746612581;440143001;КОСТРОМСКОЙ ФИЛИАЛ ОБЩЕСТВА С ОГРАНИЧЕННОЙ ОТВЕТСТВЕННОСТЬЮ ВТБ МЕДИЦИНСКОЕ СТРАХОВАНИЕ;КОСТРОМСКОЙ ФИЛИАЛ ООО ВТБ МС;Г. КОСТРОМА, УЛ. ЛЕНИНА, Д. 20;СВЕТАНКОВ;АЛЕКСАНДР;ЯКОВЛЕВИЧ;8-4942-496253:4017;8-4942-496254;8-800-1008005;SVETANKOVAJ@VTBMS.RU;ОС № 2890-01;14.09.2017;31.12.2099;24.05.2017;26.03.2020
114;44013;1027739008440;440143002;"КОСТРОМСКОЙ ФИЛИАЛ АКЦИОНЕРНОГО ОБЩЕСТВА ""СТРАХОВАЯ КОМПАНИЯ ""СОГАЗ-МЕД""";"КОСТРОМСКОЙ ФИЛИАЛ АКЦИОНЕРНОГО ОБЩЕСТВА ""СТРАХОВАЯ КОМПАНИЯ ""СОГАЗ-МЕД""";Г. КОСТРОМА, УЛ. ЛЕНИНА, Д. 20;СВЕТАНКОВ;АЛЕКСАНДР;ЯКОВЛЕВИЧ;8-4942-496253;8-4942-496254;8-800-1008005;SVETANKOV.ALEKSANDR@SOGAZ-MED.RU;ОС № 3230-01;28.02.2019;31.12.2099;26.06.2018;
115;45001;1126679000150;450143001;"ФИЛИАЛ СТРАХОВОЙ МЕДИЦИНСКОЙ КОМПАНИИ ""АСТРАМЕД-МС"" (АКЦИОНЕРНОЕ ОБЩЕСТВО) В Г.КУРГАН";"ФИЛИАЛ СМК ""АСТРАМЕД-МС"" (АО) В Г.КУРГАН";КУРГАНСКАЯ ОБЛАСТЬ, Г.КУРГАН, УЛ. КУЙБЫШЕВА, Д.28, ОФИС 408;ШТИН;ЕКАТЕРИНА;ВИКТОРОВНА;8-3522-554401;8-3522-554401;8-800-2507944;SHTIN_EV@ASTRAMED-MS.RU;ОС №1372-01;13.10.2015;;01.01.2011;
116;45002;1027806865481;450143003;"ФИЛИАЛ ООО ""КАПИТАЛ МЕДИЦИНСКОЕ СТРАХОВАНИЕ"" В КУРГАНСКОЙ ОБЛАСТИ";"ФИЛИАЛ ООО ""КАПИТАЛ МС"" В КУРГАНСКОЙ ОБЛАСТИ";КУРГАНСКАЯ ОБЛАСТЬ, Г. КУРГАН, УЛ.ГОГОЛЯ, Д.37А;СНЕТКОВ;НИКОЛАЙ;АЛЕКСАНДРОВИЧ;8-3522-224403;8-3522-224405;8-800-1008102;NIKOLAY.SNETKOV@KAPMED.RU;ОС № 3676-01;16.11.2018;31.12.2099;01.01.2011;
117;46002;1177746612581;772301001;КУРСКИЙ ФИЛИАЛ ОБЩЕСТВА С ОГРАНИЧЕННОЙ ОТВЕТСТВЕННОСТЬЮ ВТБ МЕДИЦИНСКОЕ СТРАХОВАНИЕ;КУРСКИЙ ФИЛИАЛ ООО ВТБ МС;КУРСКАЯ ОБЛАСТЬ, Г. КУРСК, УЛ. ЛЕНИНА, 67А;НОВИКОВ;ДМИТРИЙ;БОРИСОВИЧ;8-471-2722280;8-471-2510055;8-800-1008005;KURSK-MS@VTBMS.RU;ОС №2890-01;14.09.2017;31.12.2099;01.01.2011;26.03.2020
118;46003;1045207042528;463202001;"ФИЛИАЛ ОБЩЕСТВА С ОГРАНИЧЕННОЙ ОТВЕТСТВЕННОСТЬЮ ""СТРАХОВАЯ КОМПАНИЯ ""ИНГОССТРАХ-М"" В Г. КУРСКЕ";"ФИЛИАЛ ООО ""СК ""ИНГОССТРАХ-М"" В Г. КУРСКЕ";КУРСКАЯ ОБЛАСТЬ,Г. КУРСК, УЛ. М. ГОРЬКОГО, Д. 70;КАРМАНОВА;ИРИНА;АЛЕКСАНДРОВНА;8-471-2393618;8-471-2393618;8-800-1007755;IRINA.KARMANOVA@INGOS.RU;ОС № 3837-01;09.09.2019;31.12.2099;01.01.2011;
119;46004;1027739449913;463202001;"ФИЛИАЛ ""КУРСКИЙ"" АКЦИОНЕРНОГО ОБЩЕСТВА ""СТРАХОВАЯ ГРУППА ""СПАССКИЕ ВОРОТА-М""";"ФИЛИАЛ ""КУРСКИЙ"" АО ""СТРАХОВАЯ ГРУППА ""СПАССКИЕ ВОРОТА-М""";КУРСКАЯ ОБЛАСТЬ, Г. КУРСК, УЛ. ЛОМАКИНА, 17 А, ОФИС 116;КАБАН;ЗИНАИДА;АНАТОЛЬЕВНА;8-471-2734846;8-471-2734846;8-800-7700799;SVMKURSK@YANDEX.RU;ОС № 2354-01;13.04.2020;31.12.2099;01.01.2011;
120;46006;1043600049041;463243001;"КУРСКИЙ ФИЛИАЛ ОБЩЕСТВА С ОГРАНИЧЕННОЙ ОТВЕТСТВЕННОСТЬЮ ""МЕДИЦИНСКАЯ СТРАХОВАЯ КОМПАНИЯ ""ИНКО-МЕД""";"КУРСКИЙ ФИЛИАЛ ООО ""МСК ""ИНКО-МЕД""";Г.КУРСК, УЛ.РАДИЩЕВА, Д.79-А;КУРШИНА;СВЕТЛАНА;ПЕТРОВНА;8-910-2475895;8-910-2475895;8-800-1003603;KYRSHINA@INKO-MED.RU;ОС №2031-01;09.11.2015;31.12.2099;12.08.2014;
121;46007;1027739008440;463243001;"КУРСКИЙ ФИЛИАЛ АО ""СТРАХОВАЯ КОМПАНИЯ ""СОГАЗ-МЕД""";"КУРСКИЙ ФИЛИАЛ АО ""СТРАХОВАЯ КОМПАНИЯ ""СОГАЗ-МЕД""";КУРСКАЯ ОБЛ., Г. КУРСК, УЛ. ЛЕНИНА, Д.67 А;НОВИКОВ;ДМИТРИЙ;БОРИСОВИЧ;8-495-2252310, 8-4712-722280;8-495-2252311;8-800-1000702;TOE@SOGAZ-MED.RU, NOVIKOVDB@VTBMS.RU;ОС № 3230-01;28.02.2019;31.12.2099;14.06.2018;
122;47036;1177746612581;772301001;ОБЩЕСТВО С ОГРАНИЧЕННОЙ ОТВЕТСТВЕННОСТЬЮ ВТБ МЕДИЦИНСКОЕ СТРАХОВАНИЕ (САНКТ-ПЕТЕРБУРГСКИЙ ФИЛИАЛ);ООО ВТБ МС (САНКТ-ПЕТЕРБУРГСКИЙ ФИЛИАЛ);Г. САНКТ-ПЕТЕРБУРГ, УЛ. ЛАХТИНСКАЯ, Д.16, ЛИТ. А;ЯГОДИНА;ОЛЕСЯ;НИКОЛАЕВНА;8-812-4492587;8-812-4492587;8-800-1008005;SPETERBURG-MS@VTBMS.RU;ОС № 2890-01;14.09.2017;31.12.2099;25.08.2014;26.03.2020
123;47042;1027739008440;770801001;"АКЦИОНЕРНОЕ ОБЩЕСТВО ""СТРАХОВАЯ КОМПАНИЯ ""СОГАЗ-МЕД"" ( САНКТ-ПЕТЕРБУРГСКИЙ ФИЛИАЛ АКЦИОНЕРНОГО ОБЩЕСТВА ""СТРАХОВАЯ КОМПАНИЯ ""СОГАЗ-МЕД"")";"АО ""СТРАХОВАЯ КОМПАНИЯ ""СОГАЗ-МЕД"" (САНКТ-ПЕТЕРБУРГСКИЙ ФИЛИАЛ АО""СТРАХОВАЯ КОМПАНИЯ ""СОГАЗ-МЕД"")";Г.САНКТ-ПЕТЕРБУРГ, УЛ.ЛАХТИНСКАЯ , Д.16, ЛИТ А, ПОМ.6-Н;ЯГОДИНА;ОЛЕСЯ;НИКОЛАЕВНА;8-812-3247986;8-812-3247986;8-800-1000702;YAGODINAON@SOGAZ-MED.RU;ОС № 3230-01;28.02.2019;31.12.2099;01.01.2011;
124;47043;1027806865481;781343001;"ОБЩЕСТВО С ОГРАНИЧЕННОЙ ОТВЕТСТВЕННОСТЬЮ ""КАПИТАЛ МЕДИЦИНСКОЕ СТРАХОВАНИЕ"" (ФИЛИАЛ ОБЩЕСТВА С ОГРАНИЧЕННОЙ ОТВЕТСТВЕННОСТЬЮ ""КАПИТАЛ МЕДИЦИНСКОЕ СТРАХОВАНИЕ"" В Г. САНКТ-ПЕТЕРБУРГЕ И ЛЕНИНГРАДСКОЙ ОБЛАСТИ)";"ООО ""КАПИТАЛ МС"" (ФИЛИАЛ ООО ""КАПИТАЛ МС"" В Г.САНКТ-ПЕТЕРБУРГЕ И ЛЕНИНГРАДСКОЙ ОБЛАСТИ)";Г.САНКТ-ПЕТЕРБУРГ, МАЛЫЙ ПР. ПС, Д.7;УСАЧЕВСКАЯ;ИРИНА;ВИТАСОВНА;8-812-3256774;8-812-3209677;8-800-5506774;SMK-INFO@KAPMED.RU;ОС № 3676-01;16.11.2018;31.12.2099;01.01.2011;
125;47045;1025004642519;503501001;"ОБЩЕСТВО С ОГРАНИЧЕННОЙ ОТВЕТСТВЕННОСТЬЮ ""СТРАХОВАЯ МЕДИЦИНСКАЯ КОМПАНИЯ РЕСО-МЕД"" ( СЕВЕРО-ЗАПАДНЫЙ ФИЛИАЛ ОБЩЕСТВА С ОГРАНИЧЕННОЙ ОТВЕТСТВЕННОСТЬЮ ""СТРАХОВАЯ МЕДИЦИНСКАЯ КОМПАНИЯ РЕСО-МЕД"")";"ООО ""СМК РЕСО-МЕД"" ( СЕВЕРО-ЗАПАДНЫЙ ФИЛИАЛ ООО ""СМК РЕСО-МЕД"")";Г.САНКТ-ПЕТЕРБУРГ, УЛ. ГАККЕЛЕВСКАЯ, Д. 21, К. А;МИХАЙЛОВ;ФЁДОР;ВИКТОРОВИЧ;8-812-2002119;8-812-2002117;8-800-2009204;SZ@RESO-MED.COM;ОС №0879-01;29.08.2019;31.12.2099;01.01.2011;
126;48004;1027806865481;482543002;"ФИЛИАЛ ОБЩЕСТВА С ОГРАНИЧЕННОЙ ОТВЕТСТВЕННОСТЬЮ ""КАПИТАЛ МЕДИЦИНСКОЕ СТРАХОВАНИЕ"" В ЛИПЕЦКОЙ ОБЛАСТИ";"ФИЛИАЛ ООО ""КАПИТАЛ МС"" В ЛИПЕЦКОЙ ОБЛАСТИ";Г. ЛИПЕЦК, УЛ.СОВЕТСКАЯ, Д.66;ЧЕРНЫШОВ;АЛЕКСАНДР;ИВАНОВИЧ;8-4742-224010;8-4742-224010;8-800-1008102;OMS.LIPETSK@KAPMED.RU;ОС №3676-01;16.11.2018;31.12.2099;19.08.2011;
127;48008;1027739008440;482443001;"ЛИПЕЦКИЙ ФИЛИАЛ АКЦИОНЕРНОГО ОБЩЕСТВА ""СТРАХОВАЯ КОМПАНИЯ ""СОГАЗ-МЕД""";"ЛИПЕЦКИЙ ФИЛИАЛ АО ""СТРАХОВАЯ КОМПАНИЯ ""СОГАЗ-МЕД""";ЛИПЕЦКАЯ ОБЛАСТЬ, Г.ЛИПЕЦК, ПРОСПЕКТ ПОБЕДЫ, Д.29;ТОЛСТОВ;ДМИТРИЙ;ВАЛЕРЬЕВИЧ;8-495-2252310;8-495-2252311;8-800-1000702;TOE@SOGAZ-MED.RU;ОС №3230-01;28.02.2019;31.12.2099;19.06.2018;
128;48010;1177746612581;482443001;ЛИПЕЦКИЙ ФИЛИАЛ ОБЩЕСТВА С ОГРАНИЧЕННОЙ ОТВЕТСТВЕННОСТЬЮ ВТБ МЕДИЦИНСКОЕ СТРАХОВАНИЕ;ЛИПЕЦКИЙ ФИЛИАЛ ООО ВТБ МС;ЛИПЕЦКАЯ ОБЛАСТЬ, ГОРОД ЛИПЕЦК, ПРОСПЕКТ ПОБЕДЫ, ДОМ 29;ИСТОМИН;АЛЕКСАНДР;НИКОЛАЕВИЧ;8-4742-909019;8-4742-221851;8-800-1008005;LIPECK@VTBMS.RU;ОС №2890-01;14.09.2017;31.12.2099;18.05.2017;26.03.2020
129;49003;1021401046787;490943002;"ФИЛИАЛ АКЦИОНЕРНОГО ОБЩЕСТВА ""СТРАХОВАЯ МЕДИЦИНСКАЯ КОМПАНИЯ ""САХАМЕДСТРАХ"" В ГОРОДЕ МАГАДАНЕ МАГАДАНСКОЙ ОБЛАСТИ";"ФИЛИАЛ АО ""СМК ""САХАМЕДСТРАХ"" В Г.МАГАДАНЕ";МАГАДАНСКАЯ ОБЛАСТЬ, Г. МАГАДАН, УЛ. ЛЕНИНА, Д. 22/2;ДАНИЛОВА;НАТАЛЬЯ;ЭДУАРДОВНА;8-4132-609799;8-4112-444499;8-800-1001403;MAGADANSMS@MAIL.RU;ОС № 2873-01;09.11.2016;31.12.2099;08.04.2011;
130;49005;1027739008440;490943001;"МАГАДАНСКИЙ ФИЛИАЛ АКЦИОНЕРНОГО ОБЩЕСТВА ""СТРАХОВАЯ КОМПАНИЯ ""СОГАЗ-МЕД""";"МАГАДАНСКИЙ ФИЛИАЛ АО ""СТРАХОВАЯ КОМПАНИЯ ""СОГАЗ-МЕД""";РОССИЙСКАЯ ФЕДЕРАЦИЯ, Г.МАГАДАН, УЛ.ЯКУТСКАЯ, Д. 10;СУХАРЕВА;ОЛЬГА;МИГДАТОВНА;8-4132-638018;8-4132-638018;8-800-1000702;MAGADAN@SOGAZ-MED.RU;ОС № 3230-01;28.02.2019;31.12.2099;30.08.2012;
131;50005;1025004642519;503501001;"ОБЩЕСТВО С ОГРАНИЧЕННОЙ ОТВЕТСТВЕННОСТЬЮ ""СТРАХОВАЯ МЕДИЦИНСКАЯ КОМПАНИЯ РЕСО-МЕД""";"ООО ""СМК РЕСО-МЕД''";МОСКОВСКАЯ ОБЛАСТЬ, Г.ПАВЛОВСКИЙ ПОСАД, УЛ. УРИЦКОГО, Д. 26;ДЁМИН;ЮРИЙ;ФЁДОРОВИЧ;8-4993-727915;8-4993-727916;8-800-2341802;OFFICE@RESO-MED.COM;ОС № 0879-01;29.08.2019;31.12.2099;25.05.2011;
132;50006;1027739099772;770501001;"АКЦИОНЕРНОЕ ОБЩЕСТВО ""МЕДИЦИНСКАЯ АКЦИОНЕРНАЯ СТРАХОВАЯ КОМПАНИЯ""";"АО ""МАКС-М""";Г. МОСКВА, УЛ. МАЛАЯ ОРДЫНКА, ДОМ 50;МАРТЬЯНОВА;НАДЕЖДА;ВАСИЛЬЕВНА;8-495-2760010;8-495-9511901;8-800-3336003;KULIKOVA@MAKC.RU;ОС № 2226-01;23.01.2017;31.12.2079;08.08.2011;
133;50012;1047744005022;770801001;"ОБЩЕСТВО С ОГРАНИЧЕННОЙ ОТВЕТСТВЕННОСТЬЮ ""МЕДИЦИНСКАЯ СТРАХОВАЯ КОМПАНИЯ ""МЕДСТРАХ""";"ООО ""МСК ""МЕДСТРАХ""";Г. МОСКВА, УЛ. ВЕРХНЯЯ КРАСНОСЕЛЬСКАЯ, Д. 20, СТР. 1;МЕДВЕДЕВ;ВАЛЕРИЙ;ИВАНОВИЧ;8-495-7772323;8-495-7772323;8-800-7752636;MEDVEDEV@MEDSTRAKH.RU;ОС № 0484-01;05.03.2018;31.12.2079;01.01.2011;
134;50028;1177746612581;772301001;ОБЩЕСТВО С ОГРАНИЧЕННОЙ ОТВЕТСТВЕННОСТЬЮ ВТБ МЕДИЦИНСКОЕ СТРАХОВАНИЕ;ООО ВТБ МС;Г. МОСКВА, ОЗЕРКОВСКАЯ НАБЕРЕЖНАЯ, Д. 30;ГЕРГЕСОВ;ИЛЬЯ;МИХАЙЛОВИЧ;8-495-6444404;8-495-6444404;8-800-1008005;VTBMS@VTBMS.RU;ОС №2890-01;14.09.2017;31.12.2099;27.05.2011;26.03.2020
135;50046;1027739008440;770801001;"АКЦИОНЕРНОЕ ОБЩЕСТВО ""СТРАХОВАЯ КОМПАНИЯ ""СОГАЗ-МЕД""";"АО ""СТРАХОВАЯ КОМПАНИЯ ""СОГАЗ-МЕД""";Г. МОСКВА, ПЕРЕУЛОК УЛАНСКИЙ, ДОМ 26, ПОМЕЩЕНИЕ 3.01;ТОЛСТОВ;ДМИТРИЙ;ВАЛЕРЬЕВИЧ;8-495-2252310;8-495-2252311;8-800-1000702;TOE@SOGAZ-MED.RU;ОС № 3230-01;28.02.2019;31.12.2099;08.08.2011;
136;50051;1027806865481;770501001;"ОБЩЕСТВО С ОГРАНИЧЕННОЙ ОТВЕТСТВЕННОСТЬЮ ""КАПИТАЛ МЕДИЦИНСКОЕ СТРАХОВАНИЕ""";"ООО ""КАПИТАЛ МС""";Г. МОСКВА, УЛ. БОЛЬШАЯ ТАТАРСКАЯ, Д.13,СТР.19;ВОРОНЬЖЕВА;ИРИНА;ИВАНОВНА;8-495-2878125;8-495-2878126;8-800-1008102;OMS@KAPMED,RU;ОС № 3676-01;16.11.2018;31.12.2099;06.08.2013;
137;51014;1027739008440;519043001;"МУРМАНСКИЙ ФИЛИАЛ АКЦИОНЕРНОГО ОБЩЕСТВА ""СТРАХОВАЯ КОМПАНИЯ ""СОГАЗ-МЕД""";"МУРМАНСКИЙ ФИЛИАЛ АО ""СТРАХОВАЯ КОМПАНИЯ ""СОГАЗ-МЕД""";Г.МУРМАНСК, УЛ. ПУШКИНСКАЯ, Д. 14;ЧЕРНЯКОВА;ИРИНА;ВИКТОРОВНА;8-8152-568001;8-8152-568001;8-800-1000702;CHERNIAKOVA.IRINA@SOGAZ-MED.RU;ОС № 3230-01;28.02.2019;31.12.2099;01.01.2011;
138;51018;1047100775963;519043001;"МУРМАНСКИЙ ФИЛИАЛ ОБЩЕСТВА С ОГРАНИЧЕННОЙ ОТВЕТСТВЕННОСТЬЮ ""АЛЬФАСТРАХОВАНИЕ-ОМС""";"МУРМАНСКИЙ ФИЛИАЛ ООО ""АЛЬФАСТРАХОВАНИЕ-ОМС""";МУРМАНСКАЯ ОБЛ., Г.МУРМАНСК, УЛ. СОФЬИ ПЕРОВСКОЙ, Д. 25/26;ГОНЧАРОВ;ЭДУАРД;НИКОЛАЕВИЧ;8-8152-456214;8-8152-456234;8-800-5551001;MURMANSK-OMS@ALFASTRAH.RU;ОС № 0193-01;03.08.2017;31.12.2099;01.01.2014;
139;52001;1045207042528;526043001;"ФИЛИАЛ ОБЩЕСТВА С ОГРАНИЧЕННОЙ ОТВЕТСТВЕННОСТЬЮ ""СТРАХОВАЯ КОМПАНИЯ ""ИНГОССТРАХ-М"" В Г. НИЖНИЙ НОВГОРОД";"ФИЛИАЛ ООО ""СК ""ИНГОССТРАХ-М"" В Г. НИЖНИЙ НОВГОРОД";НИЖЕГОРОДСКАЯ ОБЛАСТЬ, Г. НИЖНИЙ НОВГОРОД, УЛ. НОВАЯ, Д.34 Б;РЫЖОВ;АЛЕКСЕЙ;ВЛАДИМИРОВИЧ;8-831-4224454;8-831-4224454;8-800-1007755;RYZHOV.ALEKSEI@INGOS.RU, SVETLANA.HOMOVA@INGOS.RU;ОС № 3837 - 01;09.09.2019;01.01.2099;01.01.2011;
140;52004;1177746612581;526043001;НИЖЕГОРОДСКИЙ ФИЛИАЛ ОБЩЕСТВА С ОГРАНИЧЕННОЙ ОТВЕТСТВЕННОСТЬЮ ВТБ МЕДИЦИНСКОЕ СТРАХОВАНИЕ;НИЖЕГОРОДСКИЙ ФИЛИАЛ ООО ВТБ МС;НИЖЕГОРОДСКАЯ ОБЛАСТЬ, Г.НИЖНИЙ НОВГОРОД, УЛ.СЛАВЯНСКАЯ, Д.8;ЕМЕЛИНА;ВЕРА;АЛЕКСАНДРОВНА;8-831-2022535;8-831-2022535;8-800-1008005;NNOVGOROD-MS@VTBMS.RU;ОС № 2890-01;14.09.2017;01.01.2099;01.01.2011;26.03.2020
141;52005;1025004642519;526043001;"НИЖЕГОРОДСКИЙ ФИЛИАЛ ОБЩЕСТВА С ОГРАНИЧЕННОЙ ОТВЕТСТВЕННОСТЬЮ ""СТРАХОВАЯ МЕДИЦИНСКАЯ КОМПАНИЯ РЕСО-МЕД""";"НИЖЕГОРОДСКИЙ ФИЛИАЛ ООО ""СМК РЕСО-МЕД""";НИЖЕГОРОДСКАЯ ОБЛАСТЬ, Г. НИЖНИЙ НОВГОРОД, УЛ. ОШАРСКАЯ, Д. 18/1;КУЛАКОВА;ИРИНА;МИХАЙЛОВНА;8-831-4111428;8-831-4111429;8-800-2009204;RESOMEDNN@GMAIL.COM;ОС № 0879 - 01;29.08.2019;01.01.2099;01.01.2011;
142;52006;1027739008440;526043001;"НИЖЕГОРОДСКИЙ ФИЛИАЛ АО ""СТРАХОВАЯ КОМПАНИЯ ""СОГАЗ-МЕД""";"НИЖЕГОРОДСКИЙ ФИЛИАЛ АО ""СТРАХОВАЯ КОМПАНИЯ ""СОГАЗ-МЕД""";ОБЛАСТЬ НИЖЕГОРОДСКАЯ, ГОРОД НИЖНИЙ НОВГОРОД, УЛИЦА СЛАВЯНСКАЯ, ДОМ 8;ЕМЕЛИНА;ВЕРА;АЛЕКСАНДРОВНА;8-831-2022535;8-831-2022535;8-800-1000702;EMELINA.VERA@SOGAZ-MED.RU;ОС № 3230 - 01;28.02.2019;01.01.2099;13.06.2018;
143;52008;1027806865481;526043001;"ФИЛИАЛ ООО ""КАПИТАЛ МЕДИЦИНСКОЕ СТРАХОВАНИЕ"" В НИЖЕГОРОДСКОЙ ОБЛАСТИ";"ФИЛИАЛ ООО ""КАПИТАЛ МС"" В НИЖЕГОРОДСКОЙ ОБЛАСТИ";Р.Ф., НИЖЕГОРОДСКАЯ ОБЛАСТЬ, Г. НИЖНИЙ НОВГОРОД, УЛ. БЕЛИНСКОГО, Д. 32;ПЛАТОНОВА;ТАТЬЯНА;ВЛАДИМИРОВНА;8-831-4395272;8-831-4394835;8-800-1008102;OMS@KAPMED.RU, OMS.N-NOVGOROD@KAPMED.RU;ОС № 3676-01;16.11.2018;01.01.2099;18.08.2015;
144;53002;1177746612581;532143001;НОВГОРОДСКИЙ ФИЛИАЛ ОБЩЕСТВА С ОГРАНИЧЕННОЙ ОТВЕТСТВЕННОСТЬЮ ВТБ МЕДИЦИНСКОЕ СТРАХОВАНИЕ;НОВГОРОДСКИЙ ФИЛИАЛ ОБЩЕСТВА С ОГРАНИЧЕННОЙ ОТВЕТСТВЕННОСТЬЮ ВТБ МЕДИЦИНСКОЕ СТРАХОВАНИЕ;НОВГОРОДСКАЯ ОБЛАСТЬ,ВЕЛИКИЙ НОВГОРОД,УЛИЦА БОЛЬШАЯ САНКТ-ПЕТЕРБУРГСКАЯ,ДОМ 39;ЗАХАРОВ;АНДРЕЙ;ВЛАДИМИРОВИЧ;8-8162-680088;8-8162-680088;8-800-1008005;VNOVGOROD-MS@VTBMS.RU;ОС № 2890-01;14.09.2017;31.12.2099;29.06.2012;26.03.2020
145;53007;1047100775963;532143001;"НОВГОРОДСКИЙ ФИЛИАЛ ООО ""АЛЬФАСТРАХОВАНИЕ - ОМС""";"НОВГОРОДСКИЙ ФИЛИАЛ ООО ""АЛЬФАСТРАХОВАНИЕ-ОМС""";НОВГОРОДСКАЯ ОБЛ., Г. ВЕЛИКИЙ НОВГОРОД, УЛ. РОГАТИЦА, Д. 14 А;АНТОНОВ;АЛЕКСАНДР;АЛЬБЕРТОВИЧ;8-8162-944242;8-8162-944242;8-800-5551001;ANTONOVAA@ALFASTRAH.RU;ОС № 0193 - 01;03.08.2017;31.12.2099;01.01.2014;
146;53009;1027739008440;532143001;"НОВГОРОДСКИЙ ФИЛИАЛ АКЦИОНЕРНОГО ОБЩЕСТВА ""СТРАХОВАЯ КОМПАНИЯ ""СОГАЗ-МЕД""";"НОВГОРОДСКИЙ ФИЛИАЛ АО ""СТРАХОВАЯ КОМПАНИЯ ""СОГАЗ-МЕД""";НОВГОРОДСКАЯ ОБЛАСТЬ,ВЕЛИКИЙ НОВГОРОД,УЛИЦА БОЛЬШАЯ САНКТ-ПЕТЕРБУРГСКАЯ,ДОМ 39;ЗАХАРОВ;АНДРЕЙ;ВЛАДИМИРОВИЧ;8-8162-680088;8-8162-680088;8-800-1000702;ZAKHAROV.ANDREI.V@SOGAZ-MED.RU;ОС № 3230 - 01;28.02.2019;31.12.2099;26.03.2020;
147;54001;1025403200151;540701001;"ОБЩЕСТВО С ОГРАНИЧЕННОЙ ОТВЕТСТВЕННОСТЬЮ ""СТРАХОВАЯ МЕДИЦИНСКАЯ ОРГАНИЗАЦИЯ ""СИМАЗ-МЕД""";"ООО ""СМО ""СИМАЗ-МЕД""";Г. НОВОСИБИРСК, УЛ. ОКТЯБРЬСКАЯ, 34;ВТОРУШИН;ЕВГЕНИЙ;СТАНИСЛАВОВИЧ;8-383-3479152;8-383-3479152;8-800-2221515;SIV@SIMAZ-MED.RU;ОС №2444-01;19.08.2015;31.12.2099;01.01.2011;
148;54002;1177746612581;540743001;НОВОСИБИРСКИЙ ФИЛИАЛ ОБЩЕСТВА С ОГРАНИЧЕННОЙ ОТВЕТСТВЕННОСТЬЮ ВТБ МЕДИЦИНСКОЕ СТРАХОВАНИЕ;НОВОСИБИРСКИЙ ФИЛИАЛ ООО ВТБ МС;Г. НОВОСИБИРСК, ПРОСПЕКТ ДИМИТРОВА, Д. 1;ИСАКОВ;СЕРГЕЙ;АРТУРОВИЧ;8-383-2175550;8-383-2223645;8-800-2221515;NOVOSIBIRSK-MS@VTBMS.RU;ОС №2890-01;14.09.2017;31.12.2099;01.01.2011;26.03.2020
149;54004;1045207042528;540643001;"ФИЛИАЛ ОБЩЕСТВА С ОГРАНИЧЕННОЙ ОТВЕТСТВЕННОСТЬЮ ""СТРАХОВАЯ КОМПАНИЯ ""ИНГОССТРАХ-М"" В Г. НОВОСИБИРСК";"ФИЛИАЛ ООО ""СК ""ИНГОССТРАХ-М"" В Г. НОВОСИБИРСК";Г. НОВОСИБИРСК, КРАСНЫЙ ПРОСПЕКТ, Д.11/2;КОСТИН;ВЛАДИМИР;АЛЕКСАНДРОВИЧ;8-383-2223501;8-383-2223501;8-800-2221515;VLADIMIR.KOSTIN@INGOS.RU;ОС №3837-01;09.09.2019;31.12.2099;01.01.2011;
150;54009;1027739008440;770801001;"НОВОСИБИРСКИЙ ФИЛИАЛ АО ""СТРАХОВАЯ КОМПАНИЯ ""СОГАЗ-МЕД""";"НОВОСИБИРСКИЙ ФИЛИАЛ АО ""СТРАХОВАЯ КОМПАНИЯ ""СОГАЗ-МЕД""";НОВОСИБИРСКАЯ ОБЛАСТЬ,Г.НОВОСИБИРСК, ПР.ДИМИТРОВА,Д.1;ТОЛСТОВ;ДМИТРИЙ;ВАЛЕРЬЕВИЧ;8-495-2252310;8-495-2252310;8-800-1000702;TOE@SOGAZ-MED.RU;ОС№3230-01;28.02.2019;31.12.2099;10.07.2019;
151;55041;1027806865481;550443001;"ФИЛИАЛ ООО ""КАПИТАЛ МЕДИЦИНСКОЕ СТРАХОВАНИЕ"" В ОМСКОЙ ОБЛАСТИ";"ФИЛИАЛ ООО ""КАПИТАЛ МС"" В ОМСКОЙ ОБЛАСТИ";Г. ОМСК, УЛ. ПУШКИНА, Д. 67;САЛЬНИКОВА;ЕЛЕНА;ГЕННАДЬЕВНА;8-3812-215908;8-3812-215908;8-800-5508102;OMSK@KAPMED.RU, ELENA.SALNIKOVA@KAPMED.RU;ОС № 3676-01;16.11.2018;31.12.2099;08.08.2011;
152;55044;1027739008440;550343001;"ОМСКИЙ ФИЛИАЛ АКЦИОНЕРНОГО ОБЩЕСТВА ""СТРАХОВАЯ КОМПАНИЯ ""СОГАЗ-МЕД""";"ОМСКИЙ ФИЛИАЛ АО ""СТРАХОВАЯ КОМПАНИЯ ""СОГАЗ-МЕД""";Г. ОМСК, УЛИЦА КОММУНИСТИЧЕСКАЯ, Д. 20;ТИВАНОВ;МИХАИЛ;ГЕОРГИЕВИЧ;8-3812-297756;8-3812-297756;8-800-1000702;OMSK@SOGAZ-MED.RU;ОС № 3230-01;28.02.2019;31.12.2099;14.06.2018;
153;55046;1177746612581;550343001;ОМСКИЙ ФИЛИАЛ ОБЩЕСТВА С ОГРАНИЧЕННОЙ ОТВЕТСТВЕННОСТЬЮ ВТБ МЕДИЦИНСКОЕ СТРАХОВАНИЕ;ОМСКИЙ ФИЛИАЛ ООО ВТБ МС;Г. ОМСК, УЛ. КОММУНИСТИЧЕСКАЯ, Д. 20;ТИВАНОВ;МИХАИЛ;ГЕОРГИЕВИЧ;8-3812-297756;8-3812-297756;8-800-1008005;OMSK-MS@VTBMS.RU;ОС № 2890-01;14.09.2017;31.12.2099;16.06.2011;26.03.2020
154;55050;1047100775963;550443001;"ОМСКИЙ ФИЛИАЛ ООО ""АЛЬФАСТРАХОВАНИЕ-ОМС""";"ОМСКИЙ ФИЛИАЛ ООО ""АЛЬФАСТРАХОВАНИЕ-ОМС""";Г. ОМСК, БУЛЬВАР ПОБЕДЫ, Д. 7;КОМАРОВ;АЛЕКСАНДР;АЛЕКСАНДРОВИЧ;8-3812-531672;8-3812-531672;8-800-5551001;KOMAROVAA@ALFASTRAH.RU;ОС № 0193-01;03.08.2017;31.12.2099;08.07.2016;
155;56021;1027739008440;561202001;"ОРЕНБУРГСКИЙ ФИЛИАЛ АО ""СТРАХОВАЯ КОМПАНИЯ ""СОГАЗ-МЕД""";"ОРЕНБУРГСКИЙ ФИЛИАЛ АО ""СТРАХОВАЯ КОМПАНИЯ ""СОГАЗ-МЕД""";ОРЕНБУРГСКАЯ ОБЛ., ОРЕНБУРГ Г, ТУРКЕСТАНСКАЯ УЛ, 14;МАЛАЯ;ТАТЬЯНА;ВИКТОРОВНА;8-3532-440600;8-3532-440609;8-800-1000702;ORENBURG@SOGAZ-MED.RU;ОС № 3230-01;28.02.2019;31.12.2099;01.01.2011;
156;56025;1177746612581;561043001;ОРЕНБУРГСКИЙ ФИЛИАЛ ОБЩЕСТВА С ОГРАНИЧЕННОЙ ОТВЕТСТВЕННОСТЬЮ ВТБ МЕДИЦИНСКОЕ СТРАХОВАНИЕ;ОРЕНБУРГСКИЙ ФИЛИАЛ ООО ВТБ МС;ОРЕНБУРГСКАЯ ОБЛ., ОРЕНБУРГ Г, ВОЛОДАРСКОГО УЛ, Д.39;МАЛАЯ;ТАТЬЯНА;ВИКТОРОВНА;8-3532-440600;8-3532-440609;8-800-1008005;MALAYA.TATYANA@SOGAZ-MED.RU, ORENBURG-MS@VTBMS.RU;ОС № 2890-01;14.09.2017;31.12.2099;01.01.2011;26.03.2020
157;56029;1045207042528;561243002;"ФИЛИАЛ ОБЩЕСТВА С ОГРАНИЧЕННОЙ ОТВЕТСТВЕННОСТЬЮ ""СТРАХОВАЯ КОМПАНИЯ ""ИНГОССТРАХ-М"" В Г. ОРЕНБУРГ";"ФИЛИАЛ ООО ""СК ""ИНГОССТРАХ-М"" В Г.ОРЕНБУРГ";ОРЕНБУРГСКАЯ ОБЛ., ОРЕНБУРГ Г, ТЕРЕШКОВОЙ УЛ, Д. 10/ 2, ОФИС 5;ВАРЛАМОВ;ОЛЕГ;АНАТОЛЬЕВИЧ;8-3532-448901;8-3532-448901;8-800-6002427;OLEG.VARLAMOV@INGOS.RU;ОС № 3837-01;09.09.2019;31.12.2099;01.01.2011;
158;56032;1027739099772;561043001;"ФИЛИАЛ АКЦИОНЕРНОГО ОБЩЕСТВА ""МЕДИЦИНСКАЯ АКЦИОНЕРНАЯ СТРАХОВАЯ КОМПАНИЯ"" В ГОРОДЕ ОРЕНБУРГЕ";"ФИЛИАЛ АО ""МАКС-М"" В Г. ОРЕНБУРГЕ";ОРЕНБУРГСКАЯ ОБЛ., ОРЕНБУРГ Г, МАРШАЛА ЖУКОВА УЛ, Д. 3;ДЕНИСОВА;ЕЛЕНА;НИКОЛАЕВНА;8-3532-323011;8-3534-221827;8-800-3338803;DENISOVAEN@MAKCM.RU;ОС № 2226-01;23.01.2017;31.12.2099;01.01.2011;
159;56034;1027806865481;560902002;"ФИЛИАЛ ООО ""КАПИТАЛ МЕДИЦИНСКОЕ СТРАХОВАНИЕ"" В ОРЕНБУРГСКОЙ ОБЛАСТИ";"ФИЛИАЛ ООО ""КАПИТАЛ МС"" В ОРЕНБУРГСКОЙ ОБЛАСТИ";РФ, Г. ОРЕНБУРГ, ПОЧТОВЫЙ ПЕР.,Д. 4;НОВИЦКАЯ;ОЛЬГА;СЕРГЕЕВНА;8-3532-660188;8-3532-664788;8-800-2221126;OMS.ORENBURG@KAPMED.RU;ОС № 3676-01;16.11.2018;31.12.2099;14.08.2015;
160;57002;1027739008440;575343001;"ОРЛОВСКИЙ ФИЛИАЛ АО ""СТРАХОВАЯ КОМПАНИЯ ""СОГАЗ-МЕД""";"ОРЛОВСКИЙ ФИЛИАЛ АО ""СТРАХОВАЯ КОМПАНИЯ ""СОГАЗ-МЕД""";ОРЛОВСКАЯ ОБЛАСТЬ, Г. ОРЕЛ, УЛ. ТУРГЕНЕВА, Д. 23, ОФИС 5А;НИКИТЧЕНКО;ЮЛИЯ;ВАЛЕРЬЕВНА;8-4862-762642;8-0000-000000;8-800-1000702;OREL@SOGAZ-MED.RU;ОС № 3230-01;28.02.2019;31.12.2099;04.08.2011;
161;57003;1025004642519;575243002;"ОРЛОВСКИЙ ФИЛИАЛ ОБЩЕСТВА С ОГРАНИЧЕННОЙ ОТВЕТСТВЕННОСТЬЮ ""СТРАХОВАЯ МЕДИЦИНСКАЯ КОМПАНИЯ РЕСО-МЕД""";"ОРЛОВСКИЙ ФИЛИАЛ ОБЩЕСТВА С ОГРАНИЧЕННОЙ ОТВЕТСТВЕННОСТЬЮ ""СТРАХОВАЯ МЕДИЦИНСКАЯ КОМПАНИЯ РЕСО-МЕД""";Г. ОРЕЛ, УЛ. КОМСОМОЛЬСКАЯ, Д. 176 Б;ЛОМАКИНА;ТАТЬЯНА;ЛЕОНИДОВНА;8-4862-303990:1520;8-000-000000;8-800-2009204;OR@RESO-MED.COM;ОС № 0879-01;29.08.2019;31.12.2099;22.07.2011;
162;57004;1027739449913;575343001;"ФИЛИАЛ ""ОРЛОВСКИЙ"" АКЦИОНЕРНОГО ОБЩЕСТВА ""СТРАХОВАЯ ГРУППА ""СПАССКИЕ ВОРОТА - М""";"ФИЛИАЛ ""ОРЛОВСКИЙ"" АО ""СТРАХОВАЯ ГРУППА ""СПАССКИЕ ВОРОТА-М""";ОРЛОВСКАЯ ОБЛАСТЬ, Г. ОРЕЛ, УЛ. ОКТЯБРЬСКАЯ, Д. 24;КОНОВАЛОВА;ИРИНА;ВИКТОРОВНА;8-4862-430050;8-4862-430050;8-800-7700799;S.V.OREL@MAIL.RU;ОС №2354-01;13.04.2020;31.12.2099;21.08.2014;
163;57007;1177746612581;772301001;ОБЩЕСТВО С ОГРАНИЧЕННОЙ ОТВЕТСТВЕННОСТЬЮ ВТБ МЕДИЦИНСКОЕ СТРАХОВАНИЕ;ООО ВТБ МС;ОРЛОВСКАЯ ОБЛАСТЬ, Г. ОРЕЛ, УЛ. 3-Я КУРСКАЯ, Д. 15;ГЕРГЕСОВ;ИЛЬЯ;МИХАЙЛОВИЧ;8-495-6444404:4253;8-000-00000;8-800-1008005;VTBMS@VTBMS.RU;ОС № 2890-01;14.09.2017;31.12.2099;17.05.2017;27.03.2020
164;58004;1027739099772;583645001;"ФИЛИАЛ АКЦИОНЕРНОГО ОБЩЕСТВА ""МЕДИЦИНСКАЯ АКЦИОНЕРНАЯ СТРАХОВАЯ КОМПАНИЯ"" В ГОРОДЕ ПЕНЗЕ";"ФИЛИАЛ АО ""МАКС-М"" В Г.ПЕНЗЕ";ПЕНЗЕНСКАЯ ОБЛ., Г.ПЕНЗА, УЛ. КИРОВА, Д.42;ГАГАРИНСКИЙ;ДМИТРИЙ;АНАТОЛЬЕВИЧ;8-8412-565973, 8-8412-523506;8-8412-523506;8-800-1008044;PENZAM@MAKC.RU, GAGARINSKIIDA@MAKC.RU;ОС № 2226-01;23.01.2017;31.12.2099;30.03.2011;
165;58006;1027806865481;583643001;"ФИЛИАЛ ООО ""КАПИТАЛ МЕДИЦИНСКОЕ СТРАХОВАНИЕ"" В ПЕНЗЕНСКОЙ ОБЛАСТИ";"ФИЛИАЛ ООО ""КАПИТАЛ МС"" В ПЕНЗЕНСКОЙ ОБЛАСТИ";ПЕНЗЕНСКАЯ ОБЛ., Г.ПЕНЗА, УЛ.ШЕВЧЕНКО, 5;КОВАЛЕВ;ВАДИМ;АЛЕКСАНДРОВИЧ;8-8412-461161, 8-8412-461165;8-8412-461165;8-800-1008044;KOVALEV.VADIM@KAPMED.RU;ОС №3676-01;16.11.2018;31.12.2099;30.03.2011;
166;59015;1027739099772;775001001;"ФИЛИАЛ АКЦИОНЕРНОГО ОБЩЕСТВА ""МЕДИЦИНСКАЯ АКЦИОНЕРНАЯ СТРАХОВАЯ КОМПАНИЯ"" В Г.ПЕРМИ";"АО ""МАКС-М""";Г.ПЕРМЬ, УЛ.ПУШКИНА,78А;БОРИСОВА;ЕЛЕНА;НИКОЛАЕВНА;8-342-2190928;8-342-2190927;8-800-7000561;PERM_MM@MAKC.RU;ОС № 2226-01;23.01.2017;31.12.2099;01.01.2011;
167;59018;1126679000150;590443001;"ФИЛИАЛ СТРАХОВОЙ МЕДИЦИНСКОЙ КОМПАНИИ ""АСТРАМЕД-МС"" (АО) В Г.ПЕРМЬ";"СМК ""АСТРАМЕД-МС"" (АО) В Г.ПЕРМЬ";Г.ПЕРМЬ, УЛ.БЕЛИНСКОГО, 47А;СМИРНОВ;АЛЕКСАНДР;АНДРЕЕВИЧ;8-342-2410031;8-342-2444999;8-800-7000561;INFO_UAMP@ASTRAMED_MS.RU;ОС № 1372-01;13.10.2015;31.12.2099;01.01.2011;
168;59019;1027739449913;590402001;"ФИЛИАЛ ""ПЕРМСКИЙ"" АКЦИОНЕРНОГО ОБЩЕСТВА ""СТРАХОВАЯ ГРУППА ""СПАССКИЕ ВОРОТА - М""";"ФИЛИАЛ ""ПЕРМСКИЙ"" АКЦИОНЕРНОГО ОБЩЕСТВА ""СТРАХОВАЯ ГРУППА ""СПАССКИЕ ВОРОТА - М""";Г.ПЕРМЬ, УЛ.ГЕРОЕВ ХАСАНА, 7А;КОРОБЕЙНИКОВА;ОЛЬГА;ВИКТОРОВНА;8-342-2197985;8-342-2443633;8-800-7000561;SPASVORM@MAIL.RU;ОС 2354-01;08.09.2015;31.12.2099;01.01.2011;
169;59020;1027806865481;590443001;"ФИЛИАЛ ОБЩЕСТВА С ОГРАНИЧЕННОЙ ОТВЕТСТВЕННОСТЬЮ ""КАПИТАЛ МЕДИЦИНСКОЕ СТРАХОВАНИЕ""";"ООО ""КАПИТАЛ МС""";Г.ПЕРМЬ, УЛ.Г.ХАСАНА, 9;МУНГАЛОВА;МАРИНА;ВАЛЕНТИНОВНА;8-342-2443758;8-342-2495060;8-800-7000561;RGSMEDICINA@LPU.PERM.RU;ОС № 3676-01;16.11.2018;31.12.2099;01.01.2011;
170;59021;1025004642519;590243002;"ПЕРМСКИЙ ФИЛИАЛ ОБЩЕСТВА С ОГРАНИЧЕННОЙ ОТВЕТСТВЕННОСТЬЮ ""СТРАХОВАЯ МЕДИЦИНСКАЯ КОМПАНИЯ ""РЕСО-МЕД""";"ПЕРМСКИЙ ФИЛИАЛ ООО ""СМК ""РЕСО-МЕД""";Г.ПЕРМЬ, УЛ.ГОРЬКОГО, 9;КУДРЯВЦЕВА;ОЛЬГА;ВЛАДИМИРОВНА;8-342-2111522;8-342-2111522;8-800-7000561;RESOMED@LPU.PERM.RU;ОС 0879-01;10.08.2017;31.12.2099;01.01.2011;
171;60001;1027739099772;602702001;"ФИЛИАЛ АКЦИОНЕРНОГО ОБЩЕСТВА ""МЕДИЦИНСКАЯ АКЦИОНЕРНАЯ СТРАХОВАЯ КОМПАНИЯ"" В ГОРОДЕ ПСКОВЕ";"ФИЛИАЛ АО ""МАКС-М"" В Г. ПСКОВЕ";ПСКОВСКАЯ ОБЛАСТЬ, ГОРОД ПСКОВ, УЛ. РОЗЫ ЛЮКСЕМБУРГ, Д. 12;ШАШИНА;АННА;НИКОЛАЕВНА;8-8112-727555;8-8112-727555;8-800-5555503;SHASHINAAN@MAKCM.RU;ОС № 2226-01;23.01.2017;31.12.2099;01.01.2011;
172;61001;1026103708729;616401001;"ОБЩЕСТВО С ОГРАНИЧЕННОЙ ОТВЕТСТВЕННОСТЬЮ МЕДИЦИНСКОЕ СТРАХОВОЕ ОБЩЕСТВО ""ПАНАЦЕЯ""";"ООО МСО ""ПАНАЦЕЯ""";РОСТОВСКАЯ ОБЛАСТЬ, ГОРОД РОСТОВ-НА-ДОНУ, УЛИЦА МЕЧНИКОВА, ДОМ 39;ЭСТРИН;ВЛАДИМИР;ВЛАДИМИРОВИЧ;8-863-2275127;8-863-2275127;8-800-2000868;MEDINSUR@AAANET.RU;ОС №0173-01;03.08.2017;31.12.2099;01.01.2011;
173;61013;1027739099772;616443001;"РОСТОВСКИЙ ФИЛИАЛ АКЦИОНЕРНОГО ОБЩЕСТВА ""МЕДИЦИНСКАЯ АКЦИОНЕРНАЯ СТРАХОВАЯ КОМПАНИЯ""";"РОСТОВСКИЙ ФИЛИАЛ АО ""МАКС-М""";Г. РОСТОВ-НА-ДОНУ, УЛ. СТАНИСЛАВСКОГО, ДОМ 8 КОРПУС А;ФУРСОВА;ИННА;ЮРЬЕВНА;8-863-2270287;8-863-2270287;8-800-5550003;FURSOVAIY@MAKCM.RU;ОС № 2226-01;23.01.2017;31.12.2099;01.01.2011;
174;61017;1027739008440;616302001;"РОСТОВСКИЙ ФИЛИАЛ АКЦИОНЕРНОГО ОБЩЕСТВА ""СТРАХОВАЯ КОМПАНИЯ ""СОГАЗ-МЕД""";"РОСТОВСКИЙ ФИЛИАЛ АО ""СТРАХОВАЯ КОМПАНИЯ ""СОГАЗ-МЕД""";Г.РОСТОВ-НА-ДОНУ, ПРОСПЕКТ ВОРОШИЛОВСКИЙ ДОМ 39/115;МАКЛАКОВ;ИГОРЬ;НИКОЛАЕВИЧ;8-863-2185083;8-863-2185083;8-800-1000702;RND@SOGAZ-MED.RU;OC № 3230-01;28.02.2019;31.12.2099;01.01.2011;
175;61022;1027806865481;616543001;"ФИЛИАЛ ООО ""КАПИТАЛ МЕДИЦИНСКОЕ СТРАХОВАНИЕ"" В РОСТОВСКОЙ ОБЛАСТИ";"ФИЛИАЛ ООО ""КАПИТАЛ МС"" В РОСТОВСКОЙ ОБЛАСТИ";Г. РОСТОВ-НА-ДОНУ, УЛИЦА КОЗЛОВА, ДОМ 74;АЛЬПЕРОВИЧ;ДМИТРИЙ;ВАЛЕРЬЕВИЧ;8-863-2993660;8-863-2993660;8-800-1008101;OMS_RND@KAPMED.RU;OC № 3676-01;16.11.2018;31.12.2099;01.01.2011;
176;61024;1047100775963;616343001;"ОБЩЕСТВО С ОГРАНИЧЕННОЙ ОТВЕТСТВЕННОСТЬЮ ""АЛЬФАСТРАХОВАНИЕ-ОМС"" ФИЛИАЛ ""АССТРА""";"ООО ""АЛЬФАСТРАХОВАНИЕ-ОМС"" ФИЛИАЛ ""АССТРА""";Г. РОСТОВ-НА-ДОНУ, ВОРОШИЛОВСКИЙ ПРОСПЕКТ, 62/284;СЕЛЕЗНЕВ;ЮРИЙ;АЛЕКСАНДРОВИЧ;8-863-2950555;8-863-2950074;8-800-5551001;SELEZNEVVA1@ALFASTRAH.RU;ОС № 0193-01;03.08.2017;31.12.2099;13.08.2013;
177;62002;1177746612581;623443001;РЯЗАНСКИЙ ФИЛИАЛ ОБЩЕСТВА С ОГРАНИЧЕННОЙ ОТВЕТСТВЕННОСТЬЮ ВТБ МЕДИЦИНСКОЕ СТРАХОВАНИЕ;РЯЗАНСКИЙ ФИЛИАЛ ООО ВТБ МС;Г. РЯЗАНЬ, ПЕРВОМАЙСКИЙ ПР-Т, Д.27;ФИЛЬКИНА;ЛЮДМИЛА;ФЕДОРОВНА;8-4912-621022;8-4912-621022:4001;8-800-1008005;RYAZAN-MS@VTBMS.RU;ОС №2890-01;14.09.2017;14.09.2099;01.03.2011;26.03.2020
178;62003;1027739008440;623445001;"РЯЗАНСКИЙ ФИЛИАЛ АКЦИОНЕРНОГО ОБЩЕСТВА ""СТРАХОВАЯ КОМПАНИЯ ""СОГАЗ-МЕД""";"РЯЗАНСКИЙ ФИЛИАЛ АО ""СТРАХОВАЯ КОМПАНИЯ ""СОГАЗ-МЕД""";Г.РЯЗАНЬ, ПЕРВОМАЙСКИЙ ПРОСПЕКТ, Д.41;ФИЛЬКИНА;ЛЮДМИЛА;ФЕДОРОВНА;8-4912-985190;8-4912-341099;8-800-1000702;RYAZAN@SOGAZ-MED.RU;ОС №3230-01;28.02.2019;31.12.2099;01.03.2011;
179;62006;1027806865481;623402001;"ФИЛИАЛ ОБЩЕСТВА С ОГРАНИЧЕННОЙ ОТВЕТСТВЕННОСТЬЮ ""КАПИТАЛ МЕДИЦИНСКОЕ СТРАХОВАНИЕ"" В РЯЗАНСКОЙ ОБЛАСТИ";"ФИЛИАЛ ООО ""КАПИТАЛ МС"" В РЯЗАНСКОЙ ОБЛАСТИ";РФ, РЯЗАНСКАЯ ОБЛАСТЬ, Г.РЯЗАНЬ, ЦВЕТНОЙ БУЛЬВАР, Д.10;ЮДИН-БЕСЕДИН;ВИКТОР;ВИКТОРОВИЧ;8-491-2908008;8-491-2908008;8-800-1008101;OMS.RYAZAN@KAPMED.RU, VICTOR.YUDIN-BESEDIN@KAPMED.;ОС-№ 3676-01;16.11.2018;31.12.2099;03.08.2015;
180;63001;1026300954789;631501001;"АКЦИОНЕРНОЕ ОБЩЕСТВО ""СТРАХОВАЯ КОМПАНИЯ ""АСКОМЕД""";"АО СК ""АСКОМЕД""";САМАРСКАЯ ОБЛАСТЬ, Г. САМАРА, УЛ. ЛЕНИНСКАЯ,119;ЦВЕТКОВ;ЮРИЙ;ДМИТРИЕВИЧ;8-846-3325519, 8-846-3324998;8-846-3325519;8-800-3028351;REFERENT@ASKOMED.RU;ОС № 0278 - 01;22.05.2015;31.12.2099;15.04.2011;
181;63023;1027739099772;631543001;"ФИЛИАЛ АКЦИОНЕРНОГО ОБЩЕСТВА ""МЕДИЦИНСКАЯ АКЦИОНЕРНАЯ СТРАХОВАЯ КОМПАНИЯ"" В ГОРОДЕ САМАРЕ";"ФИЛИАЛ АО ""МАКС-М"" В Г. САМАРЕ";САМАРСКАЯ ОБЛАСТЬ, Г. САМАРА, УЛ. МОЛОДОГВАРДЕЙСКАЯ, Д.139;ОСАУЛЕНКО;МАРИЯ;АЛЕКСЕЕВНА;8-846-3130330, 8-846-3130326;8-846-3130330;8-800-5554403;OSAULENKOMA@MAKCM.RU;ОС №2226-01;23.01.2017;31.12.2099;15.04.2011;
182;64005;1177746612581;645443001;САРАТОВСКИЙ ФИЛИАЛ ОБЩЕСТВА С ОГРАНИЧЕННОЙ ОТВЕТСТВЕННОСТЬЮ ВТБ МЕДИЦИНСКОЕ СТРАХОВАНИЕ;САРАТОВСКИЙ ФИЛИАЛ ОБЩЕСТВА С ОГРАНИЧЕННОЙ ОТВЕТСТВЕННОСТЬЮ ВТБ МЕДИЦИНСКОЕ СТРАХОВАНИЕ;САРАТОВСКАЯ ОБЛАСТЬ, ГОРОД САРАТОВ, УЛИЦА ИМ. ЯБЛОЧКОВА П.Н., ДОМ 26/28;ПАВЛОВА;ЛАРИСА;НИКОЛАЕВНА;8-8452-309410;8-8452-309410;8-800-1008005;PAVLOVALN@VTBMS.RU;ОС №2890-01;14.09.2017;31.12.2099;01.01.2011;27.03.2020
183;64008;1027739008440;645502001;"САРАТОВСКИЙ ФИЛИАЛ АО ""СТРАХОВАЯ КОМПАНИЯ ""СОГАЗ-МЕД""";"САРАТОВСКИЙ ФИЛИАЛ АО ""СТРАХОВАЯ КОМПАНИЯ ""СОГАЗ-МЕД""";САРАТОВСКАЯ ОБЛАСТЬ, ГОРОД САРАТОВ, УЛИЦА ИМ. ЯБЛОЧКОВА П.Н., ДОМ 26/28;ПАВЛОВА;ЛАРИСА;НИКОЛАЕВНА;8-8452-653033;8-8452-653033;8-800-1000702;SARATOV@SOGAZ-MED.RU;ОС №3230-01;28.02.2019;31.12.2099;01.01.2011;
184;64014;1027739099772;645443001;"ФИЛИАЛ АКЦИОНЕРНОГО ОБЩЕСТВА ""МЕДИЦИНСКАЯ АКЦИОНЕРНАЯ СТРАХОВАЯ КОМПАНИЯ"" В ГОРОДЕ САРАТОВЕ";"ФИЛИАЛ АО ""МАКС-М"" В Г.САРАТОВЕ";САРАТОВСКАЯ ОБЛАСТЬ, ГОРОД САРАТОВ, УЛИЦА УЛЬЯНОВСКАЯ, ДОМ 37/41;КИРЮХИНА;ТАТЬЯНА;ВЛАДИСЛАВОВНА;8-8452-548380;8-8452-548380;8-800-5557703;SARMED@MAKC.RU;ОС № 2226 - 01;23.01.2017;31.12.2099;01.01.2011;
185;64015;1027806865481;645043001;"ФИЛИАЛ ООО ""КАПИТАЛ МЕДИЦИНСКОЕ СТРАХОВАНИЕ"" В САРАТОВСКОЙ ОБЛАСТИ";"ФИЛИАЛ ООО ""КАПИТАЛ МС"" В САРАТОВСКОЙ ОБЛАСТИ";САРАТОВСКАЯ ОБЛАСТЬ, ГОРОД САРАТОВ, УЛИЦА ПЕРВОМАЙСКАЯ, 64-Д;ЗАХАРЧУК;ИГОРЬ;БОРИСОВИЧ;8-8452-235051;8-8452-235051;8-800-7753085;IGOR.ZAHARCHUK@KAPMED.RU;ОС №3676-01;16.11.2018;31.12.2099;01.01.2011;
186;65001;1027739008440;650102001;"САХАЛИНСКИЙ ФИЛИАЛ АКЦИОНЕРНОГО ОБЩЕСТВА ""СТРАХОВАЯ КОМПАНИЯ ""СОГАЗ-МЕД""";"САХАЛИНСКИЙ ФИЛИАЛ АО ""СТРАХОВАЯ КОМПАНИЯ ""СОГАЗ-МЕД""";САХАЛИНСКАЯ ОБЛАСТЬ, Г.ЮЖНО-САХАЛИНСК, УЛ.КУРИЛЬСКАЯ , Д.38, ПОМЕЩЕНИЕ 2;МИХАЙЛОВСКАЯ;ЕЛЕНА;ЛЕОНИДОВНА;8-4242-311190;8-4242-311190;8-800-1000702;SAKHALINSK@SOGAZ-MED.RU;ОС№3230-01;28.02.2019;31.12.2099;01.01.2011;
187;66004;1126679000150;667901001;"СТРАХОВАЯ МЕДИЦИНСКАЯ КОМПАНИЯ ""АСТРАМЕД-МС"" (АКЦИОНЕРНОЕ ОБЩЕСТВО)";"СМК ""АСТРАМЕД-МС"" (АО)";СВЕРДЛОВСКАЯ ОБЛАСТЬ, Г. ЕКАТЕРИНБУРГ, УЛ. 8 МАРТА,37;ШАНДАЛОВ;ГЕОРГИЙ;АНДРЕЕВИЧ;8-343-3805396;8-343-3859016;8-800-2507944;INFO@ASTRAMED-MS.RU;ОС №1372-01;13.10.2015;31.12.2099;01.01.2011;
188;66013;1026605234743;667001001;"ОБЩЕСТВО С ОГРАНИЧЕННОЙ ОТВЕТСТВЕННОСТЬЮ CТРАХОВАЯ МЕДИЦИНСКАЯ КОМПАНИЯ ""УРАЛ-РЕЦЕПТ М""";"ООО СМК ""УРАЛ-РЕЦЕПТ М""";СВЕРДЛОВСКАЯ ОБЛАСТЬ, Г. ЕКАТЕРИНБУРГ, УЛ. КАРЛА ЛИБКНЕХТА 22, ОФ.302;ЩЕРБАКОВ;ДЕНИС;ИГОРЕВИЧ;8-343-2868080, 8-343-2864400;8-343-2868080;8-800-2017539;MAIL@U-RM.RU;ОС №1457-01;21.12.2015;31.12.2099;01.01.2011;
189;66062;1026605252871;667001001;"ОБЩЕСТВО С ОГРАНИЧЕННОЙ ОТВЕТСТВЕННОСТЬЮ ""СТРАХОВАЯ МЕДИЦИНСКАЯ КОМПАНИЯ ""УГМК-МЕДИЦИНА""";"ООО СМК ""УГМК-МЕДИЦИНА""";СВЕРДЛОВСКАЯ ОБЛАСТЬ, Г. ЕКАТЕРИНБУРГ, УЛ. ПЕРВОМАЙСКАЯ, 15;ЛЕОНТЬЕВ;ИГОРЬ;ЛЕОПОЛЬДОВИЧ;8-343-2830500;8-343-2830500;8-800-3502694;OFFICE@UGMK-MEDICINA.RU;ОС№3313-01;31.07.2015;31.12.2099;01.01.2011;
190;66063;1027739008440;668543002;"ЕКАТЕРИНБУРГСКИЙ ФИЛИАЛ АО ""СТРАХОВАЯ КОМПАНИЯ ""СОГАЗ-МЕД""";"ЕКАТЕРИНБУРГСКИЙ ФИЛИАЛ АО ""СТРАХОВАЯ КОМПАНИЯ ""СОГАЗ-МЕД""";СВЕРДЛОВСКАЯ ОБЛАСТЬ, Г.ЕКАТЕРИНБУРГ, УЛ.КУЙБЫШЕВА, 95;ИСТОМИН;АЛЕКСАНДР;НИКОЛАЕВИЧ;8-343-3178858, 8-343-3178860;8-343-3178858;8-800-1000702;ISTOMIN.ALEXANDR@SOGAZ-MED.RU;ОС № 3230-01;28.02.2019;31.12.2099;01.01.2011;
191;66070;1045207042528;667143001;"ФИЛИАЛ ОБЩЕСТВА С ОГРАНИЧЕННОЙ ОТВЕТСТВЕННОСТЬЮ ""СТРАХОВАЯ КОМПАНИЯ ""ИНГОССТРАХ-М"" В Г. ЕКАТЕРИНБУРГЕ";"ФИЛИАЛ ООО ""СК""ИНГОССТРАХ-М"" В Г.ЕКАТЕРИНБУРГЕ";СВЕРДЛОВСКАЯ ОБЛАСТЬ, Г. ЕКАТЕРИНБУРГ, УЛ. 8 МАРТА, 51;ВАГИНА;НАТАЛЬЯ;ВИКТОРОВНА;8-343-3111599;8-343-3111599;8-343-3111599;NATALYA.VAGINA@INGOS.RU;ОС №3837-01;09.09.2019;31.12.2099;01.01.2011;
192;66074;1177746612581;665843001;СВЕРДЛОВСКИЙ ФИЛИАЛ ОБЩЕСТВА С ОГРАНИЧЕННОЙ ОТВЕТСТВЕННОСТЬЮ ВТБ МЕДИЦИНСКОЕ СТРАХОВАНИЕ;СВЕРДЛОВСКИЙ ФИЛИАЛ ООО ВТБ МС;СВЕРДЛОВСКАЯ ОБЛАСТЬ, Г. ЕКАТЕРИНБУРГ, УЛ. КУЙБЫШЕВА, Д . 95;МАНТУСОВ;ДМИТРИЙ;СЕРГЕЕВИЧ;8-343-3123273;8-343-2867098;8-800-1008005;MANTUSOVDS@VTBMS.RU;ОС № 2890-01;14.09.2017;31.12.2099;01.04.2011;26.03.2020
193;67002;1027739008440;673143001;"СМОЛЕНСКИЙ ФИЛИАЛ АКЦИОНЕРНОГО ОБЩЕСТВА ""СТРАХОВАЯ КОМПАНИЯ ""СОГАЗ-МЕД""";"СМОЛЕНСКИЙ ФИЛИАЛ АО ""СТРАХОВАЯ КОМПАНИЯ ""СОГАЗ-МЕД""";СМОЛЕНСКАЯ ОБЛ., Г.СМОЛЕНСК, УЛ.УРИЦКОГО, 17А;ВТОРУШИНА;ГАЛИНА;ГЕННАДЬЕВНА;8-4812-250354;8-4812-250358;8-800-1000702;SMOLENSK@SOGAZ-MED.RU;ОС№3230-01;28.02.2019;23.08.2099;15.04.2011;
194;67003;1027739099772;673045002;"ФИЛИАЛ АКЦИОНЕРНОГО ОБЩЕСТВА ""МЕДИЦИНСКАЯ АКЦИОНЕРНАЯ СТРАХОВАЯ КОМПАНИЯ"" В Г.СМОЛЕНСКЕ";"ФИЛИАЛ АО ""МАКС-М"" В Г.СМОЛЕНСКЕ";СМОЛЕНСКАЯ ОБЛ., Г.СМОЛЕНСК, ПЕР.УЛЬЯНОВА, 9;ЦИМБАЛЮК;ЕКАТЕРИНА;ВЛАДИМИРОВНА;8-4812-356212;8-4812-356212;8-800-7072241;SMOLENSK@MAKCM.RU;ОС №2226-01;23.01.2017;23.01.2099;15.04.2011;
195;67004;1027806865481;673143001;"ФИЛИАЛ ООО ""КАПИТАЛ МЕДИЦИНСКОЕ СТРАХОВАНИЕ"" В СМОЛЕНСКОЙ ОБЛАСТИ";"ФИЛИАЛ ООО ""КАПИТАЛ МС"" В СМОЛЕНСКОЙ ОБЛАСТИ";СМОЛЕНСКАЯ ОБЛ., Г.СМОЛЕНСК, УЛ.ПАМФИЛОВА, 5;УЛЬЯНЕНКОВ;КОНСТАНТИН;ВИКТОРОВИЧ;8-4812-339887;8-4812-339887;8-800-3024552;OMS.SMOLENSK@KAPMED.RU, KONSTANTIN.ULYANENKOV@KAPM;ОС №3676-01;16.11.2018;16.11.2099;15.04.2011;
196;67005;1027739449913;673243001;"ФИЛИАЛ ""СМОЛЕНСКИЙ"" АО ""СТРАХОВАЯ ГРУППА ""СПАССКИЕ ВОРОТА-М""";"ФИЛИАЛ ""СМОЛЕНСКИЙ"" АО ""СТРАХОВАЯ ГРУППА ""СПАССКИЕ ВОРОТА-М""";СМОЛЕНСКАЯ ОБЛ., Г.СМОЛЕНСК, УЛ. ГЕРЦЕНА, Д.3, 1 ЭТАЖ;ТРУБИНОВ;АНДРЕЙ;ЮРЬЕВИЧ;8-4812-642175;8-4812-642175;8-800-3017677;SV67.OMS@MAIL.RU;ОС№2354-01;13.04.2020;13.04.2099;15.04.2011;
197;68004;1027739008440;682943001;"ТАМБОВСКИЙ ФИЛИАЛ АКЦИОНЕРНОЕ ОБЩЕСТВО ""СТРАХОВАЯ КОМПАНИЯ ""СОГАЗ-МЕД""";"ТАМБОВСКИЙ ФИЛИАЛ АО ""СТРАХОВАЯ КОМПАНИЯ ""СОГАЗ-МЕД""";ТАМБОВ, ПЛОЩАДЬ УСПЕНСКАЯ, Д. 1Ж;СЕМЕНОВА;ЕЛЕНА;НИКОЛАЕВНА;8-475-2783333;8-475-2783333;8-800-1008005;TOE@SOGAZ-MED.RU;ОС № 3230-01;28.02.2019;31.12.2099;19.08.2014;
198;68006;1177746612581;682943001;ТАМБОВСКИЙ ФИЛИАЛ ОБЩЕСТВА С ОГРАНИЧЕННОЙ ОТВЕТСТВЕННОСТЬЮ ВТБ МЕДИЦИНСКОЕ СТРАХОВАНИЕ;ТАМБОВСКИЙ ФИЛИАЛ ООО ВТБ МС;Г. ТАМБОВ, УСПЕНСКАЯ ПЛ. 1Ж;СЕМЕНОВА;ЕЛЕНА;НИКОЛАЕВНА;8-4752-783333;8-4752-783333;8-800-1008005;TAMBOV@VTBMS.RU;ОС № 2890-01;14.09.2017;31.12.2099;17.05.2017;26.03.2020
199;69001;1025004642519;695043002;"ТВЕРСКОЙ ФИЛИАЛ ОБЩЕСТВА С ОГРАНИЧЕННОЙ ОТВЕТСТВЕННОСТЬЮ ""СТРАХОВАЯ МЕДИЦИНСКАЯ КОМПАНИЯ РЕСО-МЕД""";"ТВЕРСКОЙ ФИЛИАЛ ООО ""СМК РЕСО-МЕД""";ТВЕРСКАЯ ОБЛАСТЬ, Г.ТВЕРЬ, ПР-КТ ЧАЙКОВСКОГО, Д.6, КОР.1, 3 ЭТАЖ;ГРЕЧКОСИЙ;РУСЛАН;СЕРГЕЕВИЧ;8-4822-783848;8-4822-783848;8-800-2009204;GRS@RESO-MED.COM;ОС № 0879-01;29.08.2019;31.12.2099;01.01.2011;
200;69005;1027739099772;695043001;"ФИЛИАЛ АКЦИОНЕРНОГО ОБЩЕСТВА ""МЕДИЦИНСКАЯ АКЦИОНЕРНАЯ СТРАХОВАЯ КОМПАНИЯ"" В Г. ТВЕРИ";"ФИЛИАЛ АО ""МАКС-М"" В Г. ТВЕРИ";ТВЕРСКАЯ ОБЛАСТЬ, Г. ТВЕРЬ, УЛ.СОВЕТСКАЯ, Д.28;ЖУК;ЕКАТЕРИНА;ВЛАДИМИРОВНА;8-4822-331774;8-4822-331746;8-800-3337703;MAKCM69@MAKCM.RU;ОС №2226-01;23.01.2017;31.12.2099;01.01.2011;
201;69007;1027739449913;695043001;"ФИЛИАЛ ""ТВЕРСКОЙ"" АКЦИОНЕРНОГО ОБЩЕСТВА ""СТРАХОВАЯ ГРУППА ""СПАССКИЕ ВОРОТА-М""";"ФИЛИАЛ ""ТВЕРСКОЙ"" АО ""СТРАХОВАЯ ГРУППА ""СПАССКИЕ ВОРОТА-М""";ТВЕРСКАЯ ОБЛАСТЬ,Г.ТВЕРЬ, ПРОСПЕКТ ПОБЕДЫ, ДОМ 42;ШВЕЦОВА;ЕЛЕНА;МИХАЙЛОВНА;8-4822-339773;8-4822-339773;8-800-1006466;SPASMED@GMAIL.COM;ОС №2354-01;13.04.2020;31.12.2099;01.01.2011;
202;69011;1027806865481;695043001;"ФИЛИАЛ ООО ""КАПИТАЛ МЕДИЦИНСКОЕ СТРАХОВАНИЕ"" В ТВЕРСКОЙ ОБЛАСТИ";"ФИЛИАЛ ООО ""КАПИТАЛ МС"" В ТВЕРСКОЙ ОБЛАСТИ";ТВЕРСКАЯ ОБЛАСТЬ, Г.ТВЕРЬ, УЛ. АЛЕКСАНДРА ПОПОВА Д.4.;ВАХРОВА;НАДЕЖДА;ВЛАДИМИРОВНА;8-4822-581441;8-4822-581441;8-800-3501326;OMS.TVER@KAPMED.RU;ОС № 3676-01;16.11.2018;31.12.2099;01.01.2011;
203;69013;1045207042528;695202001;"ОБЩЕСТВО С ОГРАНИЧЕННОЙ ОТВЕТСТВЕННОСТЬЮ ""СТРАХОВАЯ КОМПАНИЯ ""ИНГОССТРАХ-М""";"ООО ""СК ""ИНГОССТРАХ-М""";ТВЕРСКАЯ ОБЛАСТЬ Г.ТВЕРЬ ПРОСПЕКТ ЧАЙКОВСКОГО ДОМ 2;КОРНЕВА;ЕЛЕНА;ВЛАДИМИРОВНА;8-4822-507549;8-4822-507552;8-800-7077249;INGOSSTV@MAIL.RU;ОС № 3837-01;09.09.2019;31.12.2099;01.01.2011;
204;69016;1047100775963;695043004;"ТВЕРСКОЙ ФИЛИАЛ ОБЩЕСТВА С ОГРАНИЧЕННОЙ ОТВЕТСТВЕННОСТЬЮ ""АЛЬФАСТРАХОВАНИЕ-ОМС""";"ТВЕРСКОЙ ФИЛИАЛ ООО ""АЛЬФАСТРАХОВАНИЕ-ОМС""";ТВЕРСКАЯ ОБЛАСТЬ, Г.ТВЕРЬ, ПР.ЧАЙКОВСКОГО, Д. 2;КАРГИНОВА;ЖАННА;АЛЕКСАНДРОВНА;8-4822-579191;8-4822-579494;8-800-5551001;KARGINOVAJA@ALFASTRAH.RU;ОС № 0193-01;03.08.2017;31.12.2099;01.01.2011;
205;70010;1027739099772;701702001;"ФИЛИАЛ АКЦИОНЕРНОГО ОБЩЕСТВА ""МЕДИЦИНСКАЯ АКЦИОНЕРНАЯ СТРАХОВАЯ КОМПАНИЯ"" В ГОРОДЕ ТОМСКЕ";"ФИЛИАЛ АО ""МАКС-М"" В Г. ТОМСКЕ";ТОМСКАЯ ОБЛАСТЬ, Г ТОМСК, УЛ. КРАСНОАРМЕЙСКАЯ, 68/1;КОЗЛОВ;ВИКТОР;ГЕОРГИЕВИЧ;8-3822-497124;8-3822-497124;8-800-5558803;TOMSK_OMS@MAKCM.RU, KOZLOVVG@MAKCM.RU;ОС №2226-01;23.01.2017;31.12.2099;01.01.2011;
206;70012;1027739008440;701743001;"ТОМСКИЙ ФИЛИАЛ АО ""СТРАХОВАЯ КОМПАНИЯ ""СОГАЗ-МЕД""";"ТОМСКИЙ ФИЛИАЛ АО ""СТРАХОВАЯ КОМПАНИЯ ""СОГАЗ-МЕД""";ТОМСКАЯ ОБЛАСТЬ, Г. ТОМСК, ПР.КИРОВА,58;ПАХТУСОВА;АННА;НИКОЛАЕВНА;8-3822-480459;8-3822-480459;8-800-1000702;TOMSK@SOGAZ-MED.RU;ОС №3230-01;28.02.2019;31.12.2099;01.01.2011;
207;71001;1047100775963;710743001;"ТУЛЬСКИЙ ФИЛИАЛ ОБЩЕСТВА С ОГРАНИЧЕННОЙ ОТВЕТСТВЕННОСТЬЮ ""АЛЬФАСТРАХОВАНИЕ-ОМС""";"ТУЛЬСКИЙ ФИЛИАЛ ООО ""АЛЬФАСТРАХОВАНИЕ-ОМС""";ТУЛЬСКАЯ ОБЛАСТЬ, Г. ТУЛА, УЛ. Ф. ЭНГЕЛЬСА, Д. 6;КОРНЕЕВ;АЛЕКСАНДР;АЛЕКСЕЕВИЧ;8-4872-700299;8-4872-700299;8-800-5551001;KORNEEVAA@ALFASTRAH.RU;0193-01;03.08.2017;31.12.2099;01.01.2011;
208;71004;1027806865481;710443001;"ФИЛИАЛ ОБЩЕСТВА С ОГРАНИЧЕННОЙ ОТВЕТСТВЕННОСТЬЮ ""КАПИТАЛ МЕДИЦИНСКОЕ СТРАХОВАНИЕ"" В ТУЛЬСКОЙ ОБЛАСТИ";"ФИЛИАЛ ООО ""КАПИТАЛ МС"" В ТУЛЬСКОЙ ОБЛАСТИ";Г. ТУЛА, УЛ. ДЕМОНСТРАЦИИ, Д. 2-Г, ОФИС 33;ИЛЬИНА;МАРИНА;ЛЕОНИДОВНА;8-4872-555394;8-4872-557295;8-800-1008102;OMS.TULA@KAPMED.RU;ОС №3676-01;16.11.2018;31.12.2099;12.08.2015;
209;72002;1027739008440;720343001;"ТЮМЕНСКИЙ ФИЛИАЛ АО ""СТРАХОВАЯ КОМПАНИЯ ""СОГАЗ-МЕД""";"ТЮМЕНСКИЙ ФИЛИАЛ АО ""СТРАХОВАЯ КОМПАНИЯ ""СОГАЗ-МЕД""";РОССИЙСКАЯ ФЕДЕРАЦИЯ, Г. ТЮМЕНЬ, УЛ. РЕСПУБЛИКИ, Д.14/7, ОФИС 3;ФРОЛОВА;ЛЮДМИЛА;АЛЕКСАНДРОВНА;8-3452-461280;8-3452-461280;8-800-1000702;TUMEN@SOGAZ-MED.RU;ОС № 3230 - 01;28.02.2019;31.12.2099;01.01.2011;
210;72007;1027806865481;720302001;"ОБЩЕСТВО С ОГРАНИЧЕННОЙ ОТВЕТСТВЕННОСТЬЮ ""КАПИТАЛ МЕДИЦИНСКОЕ СТРАХОВАНИЕ"" (ФИЛИАЛ ОБЩЕСТВА С ОГРАНИЧЕННОЙ ОТВЕТСТВЕННОСТЬЮ ""КАПИТАЛ МЕДИЦИНСКОЕ СТРАХОВАНИЕ"" В ТЮМЕНСКОЙ ОБЛАСТИ)";"ООО ""КАПИТАЛ МС"" (ФИЛИАЛ ООО ""КАПИТАЛ МС"" В ТЮМЕНСКОЙ ОБЛАСТИ)";РОССИЙСКАЯ ФЕДЕРАЦИЯ, ТЮМЕНСКАЯ ОБЛАСТЬ, Г. ТЮМЕНЬ, УЛ. 50 ЛЕТ ОКТЯБРЯ,36, К.1;БУЛАТОВА;НАТАЛЬЯ;СЕРГЕЕВНА;8-3452-790039;8-3452-790039;8-800-1008102;TYUMEN@KAPMED.RU, TYUMEN@KAPMED.RU;ОС № 3676-01;16.11.2018;31.12.2099;01.09.2015;
211;72008;1047100775963;720343001;"ТЮМЕНСКИЙ ФИЛИАЛ ООО ""АЛЬФАСТРАХОВАНИЕ - ОМС""";"ТЮМЕНСКИЙ ФИЛИАЛ ООО ""АЛЬФАСТРАХОВАНИЕ - ОМС""";РОССИЙСКАЯ ФЕДЕРАЦИЯ, ТЮМЕНСКАЯ ОБЛАСТЬ, Г. ТЮМЕНЬ, УЛ. СОВЕТСКАЯ, Д. 65/2;КРЕМЛЕВА;НАТАЛЬЯ;ОЛЕГОВНА;8-3452-568102;8-3452-568102;8-800-5551001;KREMLEVANO@ALFASTRAH.RU;ОС № 0193-01;03.08.2017;31.12.2099;01.09.2015;
212;73060;1027806865481;732543002;"ФИЛИАЛ ОБЩЕСТВА С ОГРАНИЧЕННОЙ ОТВЕТСТВЕННОСТЬЮ ""КАПИТАЛ МЕДИЦИНСКОЕ СТРАХОВАНИЕ"" В УЛЬЯНОВСКОЙ ОБЛАСТИ";"ФИЛИАЛ ООО ""КАПИТАЛ МС"" В УЛЬЯНОВСКОЙ ОБЛАСТИ";Г. УЛЬЯНОВСК, УЛ ЛЕНИНА, ДОМ 89;МУХАМЕТШИНА;ЛЮДМИЛА;ВИКТОРОВНА;8-8422-384713;8-8422-384713;8-8001-008101;KAPITALMS_73@KAPMED.RU, MUHAMETSHINA.LYUDMILA@KAPM;ОС №3676-01;16.11.2018;31.12.2099;01.01.2011;
213;73063;1177746612581;732543001;УЛЬЯНОВСКИЙ ФИЛИАЛ ОБЩЕСТВА С ОГРАНИЧЕННОЙ ОТВЕТСТВЕННОСТЬЮ ВТБ МЕДИЦИНСКОЕ СТРАХОВАНИЕ;УЛЬЯНОВСКИЙ ФИЛИАЛ ООО ВТБ МС;Г.УЛЬЯНОВСК, УЛ. КРАСНОГВАРДЕЙСКАЯ, ДОМ 25;БАРАНЕНКОВА;ЕЛЕНА;ВАЛЕНТИНОВНА;8-8422-371085;8-8422-371085;8-8001-008005;ULYANOVSK@VTBMS.RU;ОС № 2890-01;14.09.2017;31.12.2099;18.05.2017;25.03.2020
214;73064;1027739008440;732543001;"УЛЬЯНОВСКИЙ ФИЛИАЛ АО ""СТРАХОВАЯ КОМПАНИЯ ""СОГАЗ-МЕД""";"УЛЬЯНОВСКИЙ ФИЛИАЛ АО ""СТРАХОВАЯ КОМПАНИЯ ""СОГАЗ-МЕД""";УЛЬЯНОВСКАЯ ОБЛАСТЬ, ГОРОД УЛЬЯНОВСК, УЛИЦА КРАСНОГВАРДЕЙСКАЯ, ДОМ 25;БАРАНЕНКОВА;ЕЛЕНА;ВАЛЕНТИНОВНА;8-8422-371085;8-8422-371085;8-8001-000702;ULYANOVSK@SOGAZ-MED.RU;ОС № 3230-01;28.02.2019;31.12.2099;14.06.2018;
215;74003;1027402236620;745501001;"ОБЩЕСТВО С ОГРАНИЧЕННОЙ ОТВЕТСТВЕННОСТЬЮ СТРАХОВАЯ МЕДИЦИНСКАЯ КОМПАНИЯ ""АСТРА-МЕТАЛЛ""";"ООО СМК ""АСТРА-МЕТАЛЛ""";ЧЕЛЯБИНСКАЯ ОБЛАСТЬ, ГОРОД МАГНИТОГОРСК, УЛИЦА ЗАВЕНЯГИНА, 1, 2;ПАНОВ;АНТОН;ЮРЬЕВИЧ;8-3519-282858;8-3519-282859;8-800-2500160;ASTRAM@ASTRAMETALL.RU;ОС № 0758-01;09.06.2015;31.12.2099;01.01.2011;
216;74030;1025004642519;744743001;"ЧЕЛЯБИНСКИЙ ФИЛИАЛ ООО ""СМК РЕСО-МЕД""";"ЧЕЛЯБИНСКИЙ ФИЛИАЛ ООО ""СМК РЕСО-МЕД""";ОБЛАСТЬ ЧЕЛЯБИНСКАЯ, ГОРОД ЧЕЛЯБИНСК, УЛИЦА ТРУДА, ДОМ 187;КОРМИШКИН;СЕРГЕЙ;ВАСИЛЬЕВИЧ;8-351-2779235;8-351-2779235;8-800-2009204;SEKRETAR@CHEL.RESO-MED.COM;ОС № 0879-01;29.08.2019;31.12.2099;01.01.2011;
217;74036;1045207042528;745343001;"ОБЩЕСТВО С ОГРАНИЧЕННОЙ ОТВЕТСТВЕННОСТЬЮ ""СТРАХОВАЯ КОМПАНИЯ ""ИНГОССТРАХ-М"", ФИЛИАЛ В Г. ЧЕЛЯБИНСК";"ООО ""СК ""ИНГОССТРАХ-М"", ФИЛИАЛ В Г. ЧЕЛЯБИНСК";ОБЛАСТЬ ЧЕЛЯБИНСКАЯ, ГОРОД ЧЕЛЯБИНСК, УЛИЦА СВОБОДЫ, 153 А, ОФИС 300;ВОСТРИКОВА;ЛАРИСА;АЛЕКСАНДРОВНА;8-351-2181901;8-351-2181905;8-800-3001003;LARISA.VOSTRIKOVA@INGOS.RU;ОС № 3837-01;09.09.2019;31.12.2099;01.01.2011;
218;74039;1027739008440;668543002;"ЕКАТЕРИНБУРГСКИЙ ФИЛИАЛ АО ""СТРАХОВАЯ КОМПАНИЯ ""СОГАЗ-МЕД""";"ЕКАТЕРИНБУРГСКИЙ ФИЛИАЛ АО ""СТРАХОВАЯ КОМПАНИЯ ""СОГАЗ-МЕД""";ОБЛАСТЬ СВЕРДЛОВСКАЯ, ГОРОД ЕКАТЕРИНБУРГ, УЛИЦА КУЙБЫШЕВА, ДОМ 95;ИСТОМИН;АЛЕКСАНДР;НИКОЛАЕВИЧ;8-343-3178858;8-343-3178858;8-800-1000702;ISTOMIN.ALEXANDR@SOGAZ-MED.RU;ОС № 3230-01;28.02.2019;31.12.2099;01.01.2011;
219;74057;1047100775963;745343001;"ОБЩЕСТВО С ОГРАНИЧЕННОЙ ОТВЕТСТВЕННОСТЬЮ ""АЛЬФАСТРАХОВАНИЕ-ОМС"", ЧЕЛЯБИНСКИЙ ФИЛИАЛ";"ООО ""АЛЬФАСТРАХОВАНИЕ-ОМС"", ЧЕЛЯБИНСКИЙ ФИЛИАЛ";ОБЛАСТЬ ЧЕЛЯБИНСКАЯ, ГОРОД ЧЕЛЯБИНСК, УЛИЦА ЭНГЕЛЬСА, ДОМ 43;КОНОВАЛЕНКО;ЯНА;АЛЕКСАНДРОВНА;8-351-2253517;8-351-2253517;8-800-5551001;KONOVALENKOYA@ALFASTRAH.RU;ОС № 0193-01;03.08.2017;31.12.2099;07.08.2013;
220;75001;1027501157386;753601001;"ГОСУДАРСТВЕННОЕ УНИТАРНОЕ ПРЕДПРИЯТИЕ ЗАБАЙКАЛЬСКОГО КРАЯ ""ГОСУДАРСТВЕННАЯ СТРАХОВАЯ МЕДИЦИНСКАЯ КОМПАНИЯ ""ЗАБАЙКАЛМЕДСТРАХ""";"ГК ""ЗАБАЙКАЛМЕДСТРАХ""";ЗАБАЙКАЛЬСКИЙ КРАЙ, Г.ЧИТА, УЛ. ЛЕРМОНТОВА, 2;ШЕЛЕХОВА;НАТАЛЬЯ;ВЛАДИМИРОВНА;8-3022-210143:4051;8-3022-210143:99;8-800-1001360;MAIL@ZMS.CHITA.RU;ОС № 2456-01;03.06.2015;31.12.2099;01.01.2011;
221;75003;1027739449913;753643001;"ФИЛИАЛ ""ЧИТИНСКИЙ"" АКЦИОНЕРНОГО ОБЩЕСТВА ""СТРАХОВАЯ ГРУППА ""СПАССКИЕ ВОРОТА-М""";"ФИЛИАЛ ""ЧИТИНСКИЙ"" АО ""СТРАХОВАЯ ГРУППА ""СПАССКИЕ ВОРОТА-М""";ЗАБАЙКАЛЬСКИЙ КРАЙ, Г.ЧИТА, УЛ. БАЛЯБИНА, 13 ОФИС 414;СКЛЯР;АНАСТАСИЯ;ВАЛЕНТИНОВНА;8-3022-239692;8-3022-239692;8-3022-239692;NOVIKOV_PP@MAIL.RU;ОС № 2354-01;13.04.2020;31.12.2099;01.01.2011;
222;76001;1025004642519;760643001;"ЯРОСЛАВCКИЙ ФИЛИАЛ ОБЩЕСТВА С ОГРАНИЧЕННОЙ ОТВЕТСТВЕННОСТЬЮ ""СТРАХОВАЯ МЕДИЦИНСКАЯ КОМПАНИЯ РЕСО-МЕД""";"ЯРОСЛАВСКИЙ ФИЛИАЛ ООО ""СМК РЕСО-МЕД""";Г. ЯРОСЛАВЛЬ, ПРОСПЕКТ ОКТЯБРЯ, Д.56, 2 ЭТАЖ, ОФИС 211А;ЖУКОВА;ОЛЬГА;НИКОЛАЕВНА;8-4852-733277;8-4852-729293;8-800-2009204;ZHON@RESO-MED.COM;ОС№0879-01;29.08.2019;29.08.2099;10.05.2011;
223;76003;1027739008440;760443001;"ЯРОСЛАВСКИЙ ФИЛИАЛ АО ""СТРАХОВАЯ КОМПАНИЯ ""СОГАЗ-МЕД""";"ЯРОСЛАВСКИЙ ФИЛИАЛ АО ""СТРАХОВАЯ КОМПАНИЯ ""СОГАЗ-МЕД""";Г. ЯРОСЛАВЛЬ, УЛ. РЫБИНСКАЯ, Д.11/26, ОФИС 2;ЩЕГОЛЕВ;АЛЕКСАНДР;ВЛАДИМИРОВИЧ;8-4852-205125;8-4852-988553;8-800-1000702;YAROSLAVL@SOGAZ-MED.RU;ОС № 3230-01;28.02.2019;28.02.2099;10.05.2011;
224;76004;1027806865481;760443003;"ФИЛИАЛ ОБЩЕСТВА С ОГРАНИЧЕННОЙ ОТВЕТСТВЕННОСТЬЮ ""КАПИТАЛ МЕДИЦИНСКОЕ СТРАХОВАНИЕ"" В ЯРОСЛАВСКОЙ ОБЛАСТИ";"ФИЛИАЛ ООО ""КАПИТАЛ МС"" В ЯРОСЛАВСКОЙ ОБЛАСТИ";Г. ЯРОСЛАВЛЬ, УЛ.СОВЕТСКАЯ, Д.30;ЖЕЛТКЕВИЧ;ИГОРЬ;СЕРГЕЕВИЧ;8-4852-205130;8-4852-328004;8-800-8800100;OMS.YAROSLAVL@KAPMED.RU;ОС№3676-01;16.11.2018;16.11.2099;10.05.2011;
225;76006;1045207042528;760643001;"ФИЛИАЛ ОБЩЕСТВА С ОГРАНИЧЕННОЙ ОТВЕТСТВЕННОСТЬЮ ""СТРАХОВАЯ КОМПАНИЯ ""ИНГОССТРАХ-М"" В Г. ЯРОСЛАВЛЬ";"ФИЛИАЛ ООО ""СК ""ИНГОССТРАХ-М"" В Г. ЯРОСЛАВЛЬ";Г. ЯРОСЛАВЛЬ, УЛ. САЛТЫКОВА-ЩЕДРИНА, Д.36/48;ОСИПЕНКО;ЮЛИЯ;ВЛАДИМИРОВНА;8-4852-720654;8-4852-720654;8-800-1007755;YULIYA.ROZOVA@YAROSLAVL.INGOS.RU;ОС№3837-01;09.09.2019;09.09.2099;10.05.2011;
226;77004;1027739099772;770501001;"АКЦИОНЕРНОЕ ОБЩЕСТВО ""МЕДИЦИНСКАЯ АКЦИОНЕРНАЯ СТРАХОВАЯ КОМПАНИЯ""";"АО ""МАКС-М""";Г.МОСКВА, ОРДЫНКА МАЛАЯ УЛИЦА, ДОМ 50;МАРТЬЯНОВА;НАДЕЖДА;ВАСИЛЬЕВНА;8-495-2760010, 8-499-3239700;8-495-9511901;8-495-7864531;MSK@MAKCM.RU;ОС 2226-01;23.01.2017;30.12.2099;01.01.2011;
227;77005;1047744005022;770801001;"ОБЩЕСТВО С ОГРАНИЧЕННОЙ ОТВЕТСТВЕННОСТЬЮ ""МЕДИЦИНСКАЯ СТРАХОВАЯ КОМПАНИЯ ""МЕДСТРАХ""";"ООО ""МСК ""МЕДСТРАХ""";Г.МОСКВА, КРАСНОСЕЛЬСКАЯ ВЕРХНЯЯ УЛИЦА, ДОМ 20, СТРОЕНИЕ 1;МЕДВЕДЕВ;ВАЛЕРИЙ;ИВАНОВИЧ;8-495-7772323, 8-499-3727915;8-495-7772323;8-495-7772323;MEDVEDEV@MEDSTRAKH.RU;ОС № 0484 - 01;05.03.2018;30.12.2099;01.01.2011;
228;77006;1027739449913;772701001;"АКЦИОНЕРНОЕ ОБЩЕСТВО ""СТРАХОВАЯ ГРУППА ""СПАССКИЕ ВОРОТА-М""";"АО ""СГ ""СПАССКИЕ ВОРОТА-М""";Г.МОСКВА, БОЛОТНИКОВСКАЯ УЛИЦА, ДОМ 53, КОРПУС 1;КАЗАКОВА;ВИКТОРИЯ;БОРИСОВНА;8-495-7751790;8-495-7751791;8-495-7751799;MAIL@SV-M.RU;ОС 2354 01;13.04.2020;30.12.2099;29.05.2012;
229;77007;1177746612581;772301001;ОБЩЕСТВО С ОГРАНИЧЕННОЙ ОТВЕТСТВЕННОСТЬЮ ВТБ МЕДИЦИНСКОЕ СТРАХОВАНИЕ;ООО ВТБ МС;Г.МОСКВА, 2-Й ЮЖНОПОРТОВЫЙ ПРОЕЗД, ДОМ 27А, СТРОЕНИЕ 1;ГЕРГЕСОВ;ИЛЬЯ;МИХАЙЛОВИЧ;8-495-9562105, 8-495-6444404;8-495-6885310, 8-495-6444404;8-800-1008005;"VTBMS@VTBMS.RU;MRD@VTBMS.RU";ОС 2890 01;14.09.2017;30.12.2099;01.01.2011;26.03.2020
230;77008;1025004642519;772243001;"ОБЩЕСТВО С ОГРАНИЧЕННОЙ ОТВЕТСТВЕННОСТЬЮ ""СТРАХОВАЯ МЕДИЦИНСКАЯ КОМПАНИЯ РЕСО-МЕД"" (МОСКОВСКИЙ ФИЛИАЛ)";"ООО ""СМК РЕСО-МЕД"" (МОСКОВСКИЙ ФИЛИАЛ)";Г.МОСКВА, ОДЕССКАЯ УЛИЦА СТ 2 КОРП 2;КИРСАНОВ;АЛЕКСАНДР;НИКОЛАЕВИЧ;8-499-3737915;8-499-3727916;8-800-2009204;"OFFICE@RESO-MED.COM;MF@RESO-MED.COM";ОС 0879 01;29.08.2019;30.12.2099;01.01.2011;
231;77012;1027739008440;770801001;"АКЦИОНЕРНОЕ ОБЩЕСТВО ""СТРАХОВАЯ КОМПАНИЯ ""СОГАЗ-МЕД""";"АО ""СТРАХОВАЯ КОМПАНИЯ ""СОГАЗ-МЕД""";Г.МОСКВА, НАМЕТКИНА УЛИЦА, ДОМ 16;БУРОВ;ДМИТРИЙ;СЕРГЕЕВИЧ;8-495-2252310;8-495-2252311;8-800-1000702;TOE@SOGAZ-MED.RU;ОС 3230 - 01;28.02.2019;31.12.2099;01.01.2012;
232;77013;1045207042528;775001001;"ОБЩЕСТВО С ОГРАНИЧЕННОЙ ОТВЕТСТВЕННОСТЬЮ ""СТРАХОВАЯ КОМПАНИЯ ""ИНГОССТРАХ-М""";"ООО ""СК ""ИНГОССТРАХ-М""";Г.МОСКВА, УЛИЦА РОЧДЕЛЬСКАЯ, ДОМ 15, СТР.ОЕНИЕ 35;КУРБАТОВА;НАТАЛЬЯ;АНАТОЛЬЕВНА;8-495-7295571;8-495-7295571;8-495-2323491;INGOS-M@INGOS.RU;ОC 3837 01;09.09.2019;30.12.2099;01.01.2012;
233;77015;1027806865481;773001001;"ОБЩЕСТВО С ОГРАНИЧЕННОЙ ОТВЕТСТВЕННОСТЬЮ ""КАПИТАЛ МЕДИЦИНСКОЕ СТРАХОВАНИЕ"" (ФИЛИАЛ ООО ""КАПИТАЛ МС"" В Г. МОСКВЕ)";"ООО ""КАПИТАЛ МЕДИЦИНСКОЕ СТРАХОВАНИЕ""";Г.МОСКВА, УЛИЦА БОЛЬШАЯ ТАТАРСКАЯ, ДОМ 13, СТРОЕНИЕ 19;ВОРОНЬЖЕВА;ИРИНА;ИВАНОВНА;8-499-1427334;8-499-1427334;8-800-1008101;IRINA.VORONZHEVA@KAPMED.RU;ОС 3676 01;16.11.2018;30.12.2099;24.08.2012;
234;78003;1027809172489;783501001;"АКЦИОНЕРНОЕ ОБЩЕСТВО ""ГОРОДСКАЯ СТРАХОВАЯ МЕДИЦИНСКАЯ КОМПАНИЯ""";"АО ""ГСМК""";САНКТ-ПЕТЕРБУРГ, КУЗНЕЧНЫЙ ПЕР., Д. 2-4;ЕГОРОВА;ОЛЬГА;ВИКТОРОВНА;8-812-7641046;8-812-3128154;8-800-1002344;MAIL@GSMK.RU;ОС № 2071-01;06.10.2017;31.12.2099;01.01.2011;
235;78004;1027810220382;783543001;"САНКТ-ПЕТЕРБУРГСКИЙ ФИЛИАЛ ОБЩЕСТВА С ОГРАНИЧЕННОЙ ОТВЕТСТВЕННОСТЬЮ СТРАХОВАЯ КОМПАНИЯ ""КАПИТАЛ-ПОЛИС МЕДИЦИНА""";"САНКТ-ПЕТЕРБУРГСКИЙ ФИЛИАЛ ООО СК ""КАПИТАЛ-ПОЛИС МЕД""";САНКТ-ПЕТЕРБУРГ, МОСКОВСКИЙ ПР., Д.22, ЛИТЕР З, ПОМ. 4-Н;ОВСЯННИКОВА;ЛЮДМИЛА;НИКОЛАЕВНА;8-812-3371511, 8-812-3250005;8-812-3371511, 8-812-3250005;8-800-5114740;OMSDEP@CAPITALPOLIS.RU;ОС № 2875 - 01;26.02.2018;31.12.2099;01.01.2011;
236;78005;1027739099772;784243001;"ФИЛИАЛ АКЦИОНЕРНОГО ОБЩЕСТВА ""МЕДИЦИНСКАЯ АКЦИОНЕРНАЯ СТРАХОВАЯ КОМПАНИЯ"" В ГОРОДЕ САНКТ-ПЕТЕРБУРГЕ";"ФИЛИАЛ АО ""МАКС-М"" В Г. САНКТ-ПЕТЕРБУРГЕ";САНКТ-ПЕТЕРБУРГ, УЛ. ТАВРИЧЕСКАЯ, Д. 2А, ЛИТ. А;БЕЛЯЕВА;ОЛЬГА;ПАВЛОВНА;8-812-3252065, 8-812-3251788;8-812-3252065, 8-812-3251788;8-800-3330503;OBELYAEVA@MAKCM.RU, KHAPERSKAYAAV@MAKCM.RU;ОС № 2226-01;23.01.2017;31.12.2099;01.01.2011;
237;78006;1025004642519;781443002;"САНКТ-ПЕТЕРБУРГСКИЙ ФИЛИАЛ ОБЩЕСТВА С ОГРАНИЧЕННОЙ ОТВЕТСТВЕННОСТЬЮ ""СТРАХОВАЯ МЕДИЦИНСКАЯ КОМПАНИЯ РЕСО-МЕД""";"САНКТ-ПЕТЕРБУРГСКИЙ ФИЛИАЛ ООО ""СМК РЕСО-МЕД""";САНКТ-ПЕТЕРБУРГ, УЛ. ГАККЕЛЕВСКАЯ, Д. 21А;МИХАЙЛОВ;ФЁДОР;ВИКТОРОВИЧ;8-812-2002118;8-812-2002117;8-800-2009204;OMS@RESO-MED.RU;ОС № 0879-01;29.08.2019;31.12.2099;01.01.2011;
238;78007;1027806865481;781343001;"ФИЛИАЛ ООО ""КАПИТАЛ МЕДИЦИНСКОЕ СТРАХОВАНИЕ"" В Г. САНКТ-ПЕТЕРБУРГЕ И ЛЕНИНГРАДСКОЙ ОБЛАСТИ";"ФИЛИАЛ ООО ""КАПИТАЛ МС"" В Г. САНКТ-ПЕТЕРБУРГЕ И ЛЕНИНГРАДСКОЙ ОБЛАСТИ";САНКТ-ПЕТЕРБУРГ, МАЛЫЙ ПР. П.С., Д. 7;УСАЧЕВСКАЯ;ИРИНА;ВИТАСОВНА;8-812-3256774;8-812-3209677;8-800-1008102;SMK-INFO@KAPMED.RU;ОС № 3676-01;16.11.2018;31.12.2099;01.01.2011;
239;78008;1177746612581;781343001;САНКТ-ПЕТЕРБУРГСКИЙ ФИЛИАЛ ОБЩЕСТВА С ОГРАНИЧЕННОЙ ОТВЕТСТВЕННОСТЬЮ ВТБ МЕДИЦИНСКОЕ СТРАХОВАНИЕ;САНКТ-ПЕТЕРБУРГСКИЙ ФИЛИАЛ ООО ВТБ МС;САНКТ-ПЕТЕРБУРГ, УЛ. ЛАХТИНСКАЯ, Д.16, ЛИТЕР А;БУЗИНОВ;АРТЕМ;РОМАНОВИЧ;8-812-4492587;8-812-4492587;8-800-1008005;SPETERBURG-MS@VTBMS.RU;ОС № 2890-01;14.09.2017;31.12.2099;01.01.2011;26.03.2020
240;78010;1027739008440;781343001;"САНКТ-ПЕТЕРБУРГСКИЙ ФИЛИАЛ АО ""СТРАХОВАЯ КОМПАНИЯ ""СОГАЗ-МЕД""";"САНКТ-ПЕТЕРБУРГСКИЙ ФИЛИАЛ АО ""СТРАХОВАЯ КОМПАНИЯ ""СОГАЗ-МЕД""";САНКТ-ПЕТЕРБУРГ, УЛ. ЛАХТИНСКАЯ, Д. 16, ЛИТЕР А, ПОМЕЩЕНИЕ 6-Н;ЯГОДИНА;ОЛЕСЯ;НИКОЛАЕВНА;8-812-3247986;8-812-3247986;8-800-1000702;YAGODINAON@SOGAZ-MED.RU, SPBURG@SOGAZ-MED.RU;ОС № 3230-01;28.02.2019;31.12.2099;01.01.2011;
241;79002;1027739449913;790102002;"ФИЛИАЛ ""БИРОБИДЖАНСКИЙ"" АКЦИОНЕРНОГО ОБЩЕСТВА ""СТРАХОВАЯ ГРУППА ""СПАССКИЕ ВОРОТА - М""";"ФИЛИАЛ ""БИРОБИДЖАНСКИЙ"" АО ""СТРАХОВАЯ ГРУППА ""СПАССКИЕ ВОРОТА - М""";Г. БИРОБИДЖАН, УЛ. ШОЛОМ-АЛЕЙХЕМА,Д. 53;ШЕПТУР;АРТУР;АЛЕКСАНДРОВИЧ;8-42622-21832;8-42622-21832;8-800-7700799;SV-M-BIR@MAIL.RU;ОС № 2354 - 01;13.04.2020;08.09.2099;01.01.2011;
242;79003;1027806865481;790143001;"ФИЛИАЛ ООО ""КАПИТАЛ МЕДИЦИНСКОЕ СТРАХОВАНИЕ"" В ЕВРЕЙСКОЙ АВТОНОМНОЙ ОБЛАСТИ";"ФИЛИАЛ ООО ""КАПИТАЛ МС"" В ЕАО";Г. БИРОБИДЖАН, УЛ. ОКТЯБРЬСКАЯ, Д. 15;ЕВДОКИМОВА;АЭЛИТА;ВЛАДИМИРОВНА;8-4212-202175, 8-42622-38990;8-42622-23057;8-800-1008101;OMS.BIROBIDZHAN@KAPMED.RU;ОС №3676 - 01;16.11.2018;01.01.2099;01.01.2011;
243;79006;1027739008440;790145001;"ДИРЕКЦИЯ ЕВРЕЙСКОЙ АВТОНОМНОЙ ОБЛАСТИ ХАБАРОВСКОГО ФИЛИАЛА АКЦИОНЕРНОГО ОБЩЕСТВА ""СТРАХОВАЯ КОМПАНИЯ ""СОГАЗ-МЕД""";"ДИРЕКЦИЯ ЕВРЕЙСКОЙ АО ХАБАРОВСКОГО ФИЛИАЛА АО ""СТРАХОВАЯ КОМПАНИЯ ""СОГАЗ-МЕД""";РОССИЯ, Г.БИРОБИДЖАН, УЛ. ШОЛОМ-АЛЕЙХЕМА, Д. 43;СКОК;НАТАЛЬЯ;ПЕТРОВНА;8-800-1000702;8-426-2222355;8-800-1000702;SKOK.NATALIA@SOGAZ.MED;ОС № 3230 - 01;28.02.2019;28.02.2099;31.08.2016;
244;80001;1027806865481;298343001;"ФИЛИАЛ ОБЩЕСТВА С ОГРАНИЧЕННОЙ ОТВЕТСТВЕННОСТЬЮ ""КАПИТАЛ МЕДИЦИНСКОЕ СТРАХОВАНИЕ"" В НЕНЕЦКОМ АВТОНОМНОМ ОКРУГЕ";"ФИЛИАЛ ООО ""КАПИТАЛ МС"" В НЕНЕЦКОМ АО";НЕНЕЦКИЙ АО, Г. НАРЬЯН-МАР, УЛ. ЛЕНИНА, Д.31;ЛОДЫГИН;ЕВГЕНИЙ;ИГОРЕВИЧ;8-8185-343266;8-8185-343266;8-800-1008102;OMS.NARYAN-MAR@KAPMED.RU;ОС №3676-01;16.11.2018;31.12.2099;01.01.2011;
245;81001;1027739008440;862202001;"ЮГОРСКИЙ ФИЛИАЛ АКЦИОНЕРНОГО ОБЩЕСТВА ""СТРАХОВАЯ КОМПАНИЯ ""СОГАЗ-МЕД""";"ЮГОРСКИЙ ФИЛИАЛ АО ""СТРАХОВАЯ КОМПАНИЯ ""СОГАЗ-МЕД""";ХМАО-ЮГРА, Г. ЮГОРСК, УЛ. КИРОВА, Д. 8А;АНТОНОВА;ОЛЬГА;ВЛАДИМИРОВНА;8-3467-573647;8-3467-573647;8-800-1000702;YUGORSK@SOGAZ-MED.RU;ОС № 3230-01;28.02.2019;31.12.2099;01.01.2011;
246;81007;1027806865481;860843001;"ФИЛИАЛ ОБЩЕСТВА С ОГРАНИЧЕННОЙ ОТВЕТСТВЕННОСТЬЮ ""КАПИТАЛ МЕДИЦИНСКОЕ СТРАХОВАНИЕ"" В ХАНТЫ-МАНСИЙСКОМ АВТОНОМНОМ ОКРУГЕ - ЮГРЕ";"ФИЛИАЛ ООО ""КАПИТАЛ МС"" В ХМАО-ЮГРЕ";ХМАО-ЮГРА, Г. КОГАЛЫМ, УЛ. ДРУЖБЫ НАРОДОВ, Д. 36;КУЗНЕЦОВА;ИННЕСА;ЮРЬЕВНА;8-346-6756362;8-346-6756344;8-800-3020689;OMS.KOGALYM@KAPMED.RU;ОС №3676-01;16.11.2018;31.12.2099;11.08.2015;
247;81008;1047100775963;860143001;"ХАНТЫ-МАНСИЙСКИЙ ФИЛИАЛ ОБЩЕСТВА С ОГРАНИЧЕННОЙ ОТВЕТСТВЕННОСТЬЮ ""АЛЬФАСТРАХОВАНИЕ-ОМС""";"ХАНТЫ-МАНСИЙСКИЙ ФИЛИАЛ ООО ""АЛЬФАСТРАХОВАНИЕ-ОМС""";ХМАО-ЮГРА, Г. ХАНТЫ-МАНСИЙСК, УЛ. ГАГАРИНА, Д.54;СОЛОВЕЙ;МАКСИМ;АНАТОЛЬЕВИЧ;8-346-7331823;8-346-7323943;8-800-5551001;UGRA-OMS@ALFASTRAH.RU;ОС № 0193-01;03.08.2017;31.12.2099;31.08.2015;
248;82001;1027739008440;870943002;"ЧУКОТСКИЙ ФИЛИАЛ АКЦИОНЕРНОГО ОБЩЕСТВА ""СТРАХОВАЯ КОМПАНИЯ ""СОГАЗ-МЕД""";"ЧУКОТСКИЙ ФИЛИАЛ АО ""СТРАХОВАЯ КОМПАНИЯ ""СОГАЗ-МЕД""";ЧУКОТСКИЙ АВТОНОМНЫЙ ОКРУГ, Г. АНАДЫРЬ, УЛ. ОТКЕ, Д. 44;ВЕГЕРА;СВЕТЛАНА;АЛЕКСЕЕВНА;8-427-2221776;8-427-2221776;8-800-1000702;VEGERA.SVETLANA@SOGAZ-MED.RU;ОС № 3230-01;28.02.2019;31.12.2099;26.08.2011;
249;83001;1028900507657;890101001;"АКЦИОНЕРНОЕ ОБЩЕСТВО ""ГОСУДАРСТВЕННАЯ МЕДИЦИНСКАЯ СТРАХОВАЯ КОМПАНИЯ ""ЗАПОЛЯРЬЕ""";"АО ""ГМСК ""ЗАПОЛЯРЬЕ""";ЯМАЛО-НЕНЕЦКИЙ АВТОНОМНЫЙ ОКРУГ, Г. САЛЕХАРД, УЛ. МАЯКОВСКОГО, Д. 4;НАЗМУТДИНОВ;ВЯЧЕСЛАВ;БОРИСОВИЧ;8-34922-99295;8-34922-49343;8-800-7003489;РOLIS@SALEKHARD.RU;ОС № 1947 - 01;27.12.2018;31.12.2099;01.01.2011;
250;83005;1098904002724;890401001;"АКЦИОНЕРНОЕ ОБЩЕСТВО ""МЕДИЦИНСКАЯ СТРАХОВАЯ КОМПАНИЯ ""НОВЫЙ УРЕНГОЙ""";"АО ""МСК ""НОВЫЙ УРЕНГОЙ""";ЯМАЛО-НЕНЕЦКИЙ АВТОНОМНЫЙ ОКРУГ, ГОРОД НОВЫЙ УРЕНГОЙ, УЛ. ГЕОЛОГОРАЗВЕДЧИКОВ, ДОМ 16 Б, А/Я 881;ЛЕПЕХА;СВЕТЛАНА;ЛЕОНИДОВНА;8-3494-239356;8-3494-239356;8-800-7757589;MSK@NUR-MSK.RU;ОС №1961-01;09.10.2015;31.12.2099;01.01.2011;
251;83008;1027739008440;890543001;"ЯМАЛЬСКИЙ ФИЛИАЛ АО ""СТРАХОВАЯ КОМПАНИЯ ""СОГАЗ-МЕД""";"ЯМАЛЬСКИЙ ФИЛИАЛ АО ""СТРАХОВАЯ КОМПАНИЯ ""СОГАЗ-МЕД""";ЯМАЛО-НЕНЕЦКИЙ АВТОНОМНЫЙ ОКРУГ, Г. НОЯБРЬСК, УЛ. ЛЕНИНА, Д. 49;СУДАРИК;ГАЛИНА;НИКОЛАЕВНА;8-3496-376647;8-3496-376645;8-800-1000702;YAMAL@SOGAZ-MED.RU;ОС № 3230 - 01;28.02.2019;31.12.2099;01.01.2011;
252;84001;1177746612581;990143001;БАЙКОНУРСКИЙ ФИЛИАЛ ОБЩЕСТВО С ОГРАНИЧЕННОЙ ОТВЕТСТВЕННОСТЬЮ ВТБ МЕДИЦИНСКОЕ СТРАХОВАНИЕ;БАЙКОНУРСКИЙ ФИЛИАЛ ООО ВТБ МС;ГОРОД БАЙКОНУР, УЛИЦА ГЛУШКО, ДОМ 2;ИЗБАЕВА;ЖАНАРКУЛЬ;НУРАЛИЕВНА;8-336-2277350;8-336-2277351;8-800-1008005;BAIKONUR@VTBMS.RU;ОС№2890-01;14.09.2017;31.12.2099;01.01.2011;26.03.2020
253;84002;1027739008440;770801001;"БАЙКОНУРСКИЙ ФИЛИАЛ АКЦИОНЕРНОЕ ОБЩЕСТВО ""СТРАХОВАЯ КОМПАНИЯ ""СОГАЗ-МЕД""";"БАЙКОНУРСКИЙ ФИЛИАЛ АО ""СТРАХОВАЯ КОМПАНИЯ ""СОГАЗ-МЕД""";ГОРОД БАЙКОНУР, УЛИЦА ГЛУШКО, ДОМ 2;ИЗБАЕВА;ЖАНАРКУЛЬ;НУРАЛИЕВНА;8-336-2277350;8-336-2277351;8-800-1000702;IZBAEVAZN@SOGAZ-MED.RU;ОС№3230-01;28.02.2019;31.12.2099;31.08.2018;
254;85002;1149102007944;910201001;"ОБЩЕСТВО С ОГРАНИЧЕННОЙ ОТВЕТСТВЕННОСТЬЮ ""CТРАХОВАЯ МЕДИЦИНСКАЯ КОМПАНИЯ ""КРЫММЕДСТРАХ""";"ООО ""СМК ""КРЫММЕДСТРАХ""";РЕСПУБЛИКА КРЫМ,Г.СИМФЕРОПОЛЬ,УЛ.КАРЛА МАРКСА, ДОМ 29;СИДОРОВА;ЕЛЕНА;АЛЕКСАНДРОВНА;8-3652-788477;8-3652-788477;8-800-1007703;OFFICE@KRYM-MS.RU;ОС№4325-01;13.07.2015;31.12.2099;30.07.2014;
255;85004;1147746437343;910243001;"ФИЛИАЛ ""КРЫМСКАЯ СТРАХОВАЯ МЕДИЦИНСКАЯ КОМПАНИЯ"" ОБЩЕСТВО С ОГРАНИЧЕННОЙ ОТВЕТСТВЕННОСТЬЮ ""АРСЕНАЛ МЕДИЦИНСКОЕ СТРАХОВАНИЕ""";"ФИЛИАЛ ""КСМК"" ООО ""АРСЕНАЛ МС""";РЕСПУБЛИКА КРЫМ, ГОРОД СИМФЕРОПОЛЬ, УЛИЦА ДАНИЛОВА, Д.43, ЛИТЕРА Г;БОРИТЬКО;СТАНИСЛАВ;МИХАЙЛОВИЧ;8-978-0333333, 8-978-2608042;8-978-0333333, 8-978-2608042;8-800-7000776;INFO@ARSENAL-MS.RU;ОС № 4324-01;02.08.2016;31.12.2099;18.08.2015;
256;86001;1147746437343;920143001;"СЕВАСТОПОЛЬСКИЙ ФИЛИАЛ ""КРЫМСКОЙ СТРАХОВОЙ МЕДИЦИНСКОЙ КОМПАНИИ"" ОБЩЕСТВА С ОГРАНИЧЕННОЙ ОТВЕТСТВЕННОСТЬЮ ""АРСЕНАЛ МЕДИЦИНСКОЕ СТРАХОВАНИЕ""";"СЕВАСТОПОЛЬСКИЙ ФИЛИАЛ ""КСМК""";РОССИЙСКАЯ ФЕДЕРАЦИЯ, ГОРОД СЕВАСТОПОЛЬ, ПРОСПЕКТ ГАГАРИНА, ДОМ 17/1, ЛИТЕРА А;КОЛТУНОВА;ЕЛЕНА;АЛЕКСАНДРОВНА;8-978-0777777;8-978-0777777;8-800-7000776;EKOLTUNOVA@ARSENAL-MS.RU;ОС № 4324-01;02.08.2016;31.12.2099;29.08.2014;
257;86002;1149102007944;920443001;"СЕВАСТОПОЛЬСКИЙ ФИЛИАЛ ОБЩЕСТВА С ОГРАНИЧЕННОЙ ОТВЕТСТВЕННОСТЬЮ ""СТРАХОВАЯ МЕДИЦИНСКАЯ КОМПАНИЯ ""КРЫММЕДСТРАХ""";"СЕВАСТОПОЛЬСКИЙ ФИЛИАЛ ООО""СМК""КРЫММЕДСТРАХ""";РОССИЙСКАЯ ФЕДЕРАЦИЯ,Г.СЕВАСТОПОЛЬ,УЛ.ЛЕНИНА,Д.17;ГАЛЯНСКАЯ;ЛЮБОВЬ;СЕРГЕЕВНА;8-8692-545560;8-8692-545569;8-800-1007703;OFFICE-SEV@KRYM-MS.RU;ОС № 4325-01;13.07.2015;31.12.2099;29.08.2014;
